<mesh>
	<submeshes>
		<submesh material="Material/SOLID/TEX/rock.png" usesharedvertices="false">
			<faces count="260">
				<face v1="0" v2="1" v3="2"/>
				<face v1="2" v2="3" v3="0"/>
				<face v1="3" v2="2" v3="4"/>
				<face v1="5" v2="6" v3="7"/>
				<face v1="7" v2="8" v3="5"/>
				<face v1="8" v2="7" v3="9"/>
				<face v1="10" v2="11" v3="12"/>
				<face v1="12" v2="13" v3="10"/>
				<face v1="13" v2="12" v3="14"/>
				<face v1="11" v2="10" v3="15"/>
				<face v1="8" v2="9" v3="16"/>
				<face v1="16" v2="15" v3="8"/>
				<face v1="15" v2="16" v3="11"/>
				<face v1="17" v2="18" v3="19"/>
				<face v1="19" v2="0" v3="17"/>
				<face v1="0" v2="19" v3="1"/>
				<face v1="18" v2="17" v3="20"/>
				<face v1="21" v2="22" v3="23"/>
				<face v1="23" v2="20" v3="21"/>
				<face v1="20" v2="23" v3="18"/>
				<face v1="24" v2="25" v3="26"/>
				<face v1="26" v2="27" v3="24"/>
				<face v1="4" v2="24" v3="27"/>
				<face v1="26" v2="28" v3="27"/>
				<face v1="24" v2="4" v3="29"/>
				<face v1="29" v2="30" v3="24"/>
				<face v1="25" v2="24" v3="30"/>
				<face v1="30" v2="29" v3="31"/>
				<face v1="32" v2="33" v3="34"/>
				<face v1="34" v2="30" v3="32"/>
				<face v1="31" v2="32" v3="30"/>
				<face v1="30" v2="34" v3="25"/>
				<face v1="35" v2="31" v3="29"/>
				<face v1="29" v2="2" v3="35"/>
				<face v1="1" v2="35" v3="2"/>
				<face v1="2" v2="29" v3="4"/>
				<face v1="36" v2="37" v3="38"/>
				<face v1="38" v2="39" v3="36"/>
				<face v1="40" v2="36" v3="39"/>
				<face v1="39" v2="38" v3="41"/>
				<face v1="36" v2="40" v3="42"/>
				<face v1="42" v2="43" v3="36"/>
				<face v1="37" v2="36" v3="43"/>
				<face v1="43" v2="42" v3="44"/>
				<face v1="45" v2="46" v3="47"/>
				<face v1="47" v2="43" v3="45"/>
				<face v1="44" v2="45" v3="43"/>
				<face v1="43" v2="47" v3="37"/>
				<face v1="48" v2="44" v3="42"/>
				<face v1="42" v2="49" v3="48"/>
				<face v1="28" v2="48" v3="49"/>
				<face v1="49" v2="42" v3="40"/>
				<face v1="50" v2="51" v3="52"/>
				<face v1="52" v2="7" v3="50"/>
				<face v1="6" v2="50" v3="7"/>
				<face v1="7" v2="52" v3="9"/>
				<face v1="53" v2="54" v3="55"/>
				<face v1="55" v2="56" v3="53"/>
				<face v1="51" v2="50" v3="57"/>
				<face v1="56" v2="55" v3="58"/>
				<face v1="59" v2="60" v3="61"/>
				<face v1="61" v2="56" v3="59"/>
				<face v1="58" v2="59" v3="56"/>
				<face v1="57" v2="62" v3="51"/>
				<face v1="63" v2="58" v3="55"/>
				<face v1="55" v2="64" v3="63"/>
				<face v1="65" v2="63" v3="64"/>
				<face v1="64" v2="55" v3="54"/>
				<face v1="66" v2="67" v3="68"/>
				<face v1="68" v2="12" v3="66"/>
				<face v1="11" v2="66" v3="12"/>
				<face v1="12" v2="68" v3="14"/>
				<face v1="66" v2="11" v3="69"/>
				<face v1="69" v2="70" v3="66"/>
				<face v1="67" v2="66" v3="70"/>
				<face v1="70" v2="69" v3="71"/>
				<face v1="72" v2="73" v3="74"/>
				<face v1="74" v2="70" v3="72"/>
				<face v1="71" v2="72" v3="70"/>
				<face v1="70" v2="74" v3="67"/>
				<face v1="75" v2="71" v3="69"/>
				<face v1="69" v2="16" v3="75"/>
				<face v1="9" v2="75" v3="16"/>
				<face v1="16" v2="69" v3="11"/>
				<face v1="76" v2="77" v3="78"/>
				<face v1="78" v2="19" v3="76"/>
				<face v1="18" v2="76" v3="19"/>
				<face v1="19" v2="78" v3="1"/>
				<face v1="76" v2="18" v3="79"/>
				<face v1="79" v2="80" v3="76"/>
				<face v1="77" v2="76" v3="80"/>
				<face v1="80" v2="79" v3="81"/>
				<face v1="82" v2="83" v3="84"/>
				<face v1="84" v2="80" v3="82"/>
				<face v1="81" v2="82" v3="80"/>
				<face v1="80" v2="84" v3="77"/>
				<face v1="85" v2="81" v3="79"/>
				<face v1="79" v2="23" v3="85"/>
				<face v1="22" v2="85" v3="23"/>
				<face v1="23" v2="79" v3="18"/>
				<face v1="86" v2="87" v3="88"/>
				<face v1="88" v2="45" v3="86"/>
				<face v1="44" v2="86" v3="45"/>
				<face v1="45" v2="88" v3="46"/>
				<face v1="86" v2="44" v3="89"/>
				<face v1="89" v2="90" v3="86"/>
				<face v1="87" v2="86" v3="90"/>
				<face v1="90" v2="89" v3="25"/>
				<face v1="34" v2="33" v3="91"/>
				<face v1="91" v2="90" v3="34"/>
				<face v1="25" v2="34" v3="90"/>
				<face v1="90" v2="91" v3="87"/>
				<face v1="26" v2="25" v3="89"/>
				<face v1="89" v2="48" v3="26"/>
				<face v1="28" v2="26" v3="48"/>
				<face v1="48" v2="89" v3="44"/>
				<face v1="92" v2="93" v3="94"/>
				<face v1="94" v2="59" v3="92"/>
				<face v1="58" v2="92" v3="59"/>
				<face v1="59" v2="94" v3="60"/>
				<face v1="92" v2="58" v3="95"/>
				<face v1="95" v2="96" v3="92"/>
				<face v1="93" v2="92" v3="96"/>
				<face v1="96" v2="95" v3="97"/>
				<face v1="98" v2="99" v3="100"/>
				<face v1="100" v2="96" v3="98"/>
				<face v1="97" v2="98" v3="96"/>
				<face v1="96" v2="100" v3="93"/>
				<face v1="101" v2="97" v3="95"/>
				<face v1="95" v2="63" v3="101"/>
				<face v1="65" v2="101" v3="63"/>
				<face v1="63" v2="95" v3="58"/>
				<face v1="102" v2="103" v3="104"/>
				<face v1="104" v2="72" v3="102"/>
				<face v1="71" v2="102" v3="72"/>
				<face v1="72" v2="104" v3="73"/>
				<face v1="102" v2="71" v3="105"/>
				<face v1="105" v2="106" v3="102"/>
				<face v1="103" v2="102" v3="106"/>
				<face v1="106" v2="105" v3="51"/>
				<face v1="61" v2="60" v3="107"/>
				<face v1="108" v2="106" v3="62"/>
				<face v1="51" v2="62" v3="106"/>
				<face v1="106" v2="108" v3="103"/>
				<face v1="52" v2="51" v3="105"/>
				<face v1="105" v2="75" v3="52"/>
				<face v1="9" v2="52" v3="75"/>
				<face v1="75" v2="105" v3="71"/>
				<face v1="109" v2="110" v3="111"/>
				<face v1="111" v2="112" v3="109"/>
				<face v1="113" v2="109" v3="112"/>
				<face v1="112" v2="111" v3="114"/>
				<face v1="109" v2="113" v3="115"/>
				<face v1="115" v2="116" v3="109"/>
				<face v1="110" v2="109" v3="116"/>
				<face v1="116" v2="115" v3="67"/>
				<face v1="74" v2="73" v3="117"/>
				<face v1="117" v2="116" v3="74"/>
				<face v1="67" v2="74" v3="116"/>
				<face v1="116" v2="117" v3="110"/>
				<face v1="68" v2="67" v3="115"/>
				<face v1="115" v2="118" v3="68"/>
				<face v1="14" v2="68" v3="118"/>
				<face v1="118" v2="115" v3="113"/>
				<face v1="119" v2="120" v3="121"/>
				<face v1="121" v2="32" v3="119"/>
				<face v1="31" v2="119" v3="32"/>
				<face v1="32" v2="121" v3="33"/>
				<face v1="119" v2="31" v3="122"/>
				<face v1="122" v2="123" v3="119"/>
				<face v1="120" v2="119" v3="123"/>
				<face v1="123" v2="122" v3="77"/>
				<face v1="84" v2="83" v3="124"/>
				<face v1="124" v2="123" v3="84"/>
				<face v1="77" v2="84" v3="123"/>
				<face v1="123" v2="124" v3="120"/>
				<face v1="78" v2="77" v3="122"/>
				<face v1="122" v2="35" v3="78"/>
				<face v1="1" v2="78" v3="35"/>
				<face v1="35" v2="122" v3="31"/>
				<face v1="125" v2="126" v3="127"/>
				<face v1="127" v2="128" v3="125"/>
				<face v1="87" v2="129" v3="88"/>
				<face v1="128" v2="127" v3="99"/>
				<face v1="129" v2="87" v3="130"/>
				<face v1="130" v2="131" v3="129"/>
				<face v1="126" v2="125" v3="132"/>
				<face v1="131" v2="130" v3="133"/>
				<face v1="134" v2="135" v3="136"/>
				<face v1="136" v2="132" v3="134"/>
				<face v1="137" v2="134" v3="132"/>
				<face v1="132" v2="136" v3="126"/>
				<face v1="138" v2="133" v3="130"/>
				<face v1="130" v2="91" v3="138"/>
				<face v1="33" v2="138" v3="91"/>
				<face v1="91" v2="130" v3="87"/>
				<face v1="139" v2="140" v3="141"/>
				<face v1="141" v2="94" v3="139"/>
				<face v1="93" v2="139" v3="94"/>
				<face v1="94" v2="141" v3="60"/>
				<face v1="139" v2="93" v3="142"/>
				<face v1="142" v2="143" v3="139"/>
				<face v1="140" v2="139" v3="143"/>
				<face v1="143" v2="142" v3="126"/>
				<face v1="136" v2="135" v3="144"/>
				<face v1="144" v2="143" v3="136"/>
				<face v1="126" v2="136" v3="143"/>
				<face v1="143" v2="144" v3="140"/>
				<face v1="127" v2="126" v3="142"/>
				<face v1="142" v2="100" v3="127"/>
				<face v1="99" v2="127" v3="100"/>
				<face v1="100" v2="142" v3="93"/>
				<face v1="145" v2="146" v3="147"/>
				<face v1="147" v2="104" v3="145"/>
				<face v1="103" v2="145" v3="104"/>
				<face v1="104" v2="147" v3="73"/>
				<face v1="145" v2="103" v3="148"/>
				<face v1="148" v2="149" v3="145"/>
				<face v1="146" v2="145" v3="149"/>
				<face v1="150" v2="151" v3="140"/>
				<face v1="144" v2="135" v3="152"/>
				<face v1="152" v2="150" v3="144"/>
				<face v1="140" v2="144" v3="150"/>
				<face v1="149" v2="153" v3="146"/>
				<face v1="141" v2="140" v3="151"/>
				<face v1="151" v2="107" v3="141"/>
				<face v1="60" v2="141" v3="107"/>
				<face v1="108" v2="148" v3="103"/>
				<face v1="154" v2="155" v3="156"/>
				<face v1="156" v2="111" v3="154"/>
				<face v1="110" v2="154" v3="111"/>
				<face v1="111" v2="156" v3="114"/>
				<face v1="154" v2="110" v3="157"/>
				<face v1="157" v2="158" v3="154"/>
				<face v1="155" v2="154" v3="158"/>
				<face v1="158" v2="157" v3="146"/>
				<face v1="152" v2="135" v3="159"/>
				<face v1="160" v2="158" v3="153"/>
				<face v1="146" v2="153" v3="158"/>
				<face v1="158" v2="160" v3="155"/>
				<face v1="147" v2="146" v3="157"/>
				<face v1="157" v2="117" v3="147"/>
				<face v1="73" v2="147" v3="117"/>
				<face v1="117" v2="157" v3="110"/>
				<face v1="161" v2="133" v3="138"/>
				<face v1="138" v2="121" v3="161"/>
				<face v1="120" v2="161" v3="121"/>
				<face v1="121" v2="138" v3="33"/>
				<face v1="161" v2="120" v3="162"/>
				<face v1="162" v2="163" v3="161"/>
				<face v1="133" v2="161" v3="163"/>
				<face v1="164" v2="165" v3="155"/>
				<face v1="159" v2="135" v3="134"/>
				<face v1="134" v2="166" v3="159"/>
				<face v1="155" v2="160" v3="164"/>
				<face v1="166" v2="134" v3="137"/>
				<face v1="156" v2="155" v3="165"/>
				<face v1="162" v2="124" v3="167"/>
				<face v1="83" v2="167" v3="124"/>
				<face v1="124" v2="162" v3="120"/>
			</faces>
			<geometry vertexcount="168">
				<vertexbuffer positions="true" normals="true" texture_coords="1">
					<vertex>
						<position x="0.605259" y="-0.179672" z="-0.409072"/>
						<normal x="0.341721" y="-0.865792" z="-0.365556"/>
						<texcoord u="0.490586" v="0.319712"/>
					</vertex>
					<vertex>
						<position x="0.766320" y="-0.045012" z="-0.542659"/>
						<normal x="0.534794" y="-0.708725" z="-0.460113"/>
						<texcoord u="0.483178" v="0.270433"/>
					</vertex>
					<vertex>
						<position x="0.864014" y="-0.107118" z="-0.297353"/>
						<normal x="0.589108" y="-0.725375" z="-0.356065"/>
						<texcoord u="0.437595" v="0.292693"/>
					</vertex>
					<vertex>
						<position x="0.665654" y="-0.257335" z="-0.127641"/>
						<normal x="0.385853" y="-0.866711" z="-0.316117"/>
						<texcoord u="0.436023" v="0.354235"/>
					</vertex>
					<vertex>
						<position x="0.944656" y="-0.177583" z="-0.000000"/>
						<normal x="0.798618" y="-0.582971" z="-0.149512"/>
						<texcoord u="0.377984" v="0.317605"/>
					</vertex>
					<vertex>
						<position x="-0.629093" y="-0.321267" z="0.297730"/>
						<normal x="-0.148107" y="-0.981846" z="-0.118504"/>
						<texcoord u="0.779132" v="0.933861"/>
					</vertex>
					<vertex>
						<position x="-0.759845" y="-0.323544" z="0.617380"/>
						<normal x="-0.288225" y="-0.946101" z="0.147714"/>
						<texcoord u="0.841140" v="0.974585"/>
					</vertex>
					<vertex>
						<position x="-1.040237" y="-0.255251" z="0.264670"/>
						<normal x="-0.375602" y="-0.893791" z="-0.245071"/>
						<texcoord u="0.847048" v="0.880832"/>
					</vertex>
					<vertex>
						<position x="-0.787186" y="-0.247788" z="0.004545"/>
						<normal x="-0.320725" y="-0.919266" z="-0.228222"/>
						<texcoord u="0.774876" v="0.860732"/>
					</vertex>
					<vertex>
						<position x="-1.026694" y="-0.107888" z="-0.010491"/>
						<normal x="-0.550505" y="-0.780315" z="-0.296738"/>
						<texcoord u="0.820069" v="0.825460"/>
					</vertex>
					<vertex>
						<position x="-0.408667" y="-0.193793" z="-0.464609"/>
						<normal x="-0.281963" y="-0.882877" z="-0.375533"/>
						<texcoord u="0.664451" v="0.790611"/>
					</vertex>
					<vertex>
						<position x="-0.695476" y="-0.094776" z="-0.502030"/>
						<normal x="-0.348316" y="-0.812849" z="-0.466853"/>
						<texcoord u="0.721986" v="0.764752"/>
					</vertex>
					<vertex>
						<position x="-0.482473" y="-0.056385" z="-0.717835"/>
						<normal x="-0.330464" y="-0.804126" z="-0.494140"/>
						<texcoord u="0.672931" v="0.729261"/>
					</vertex>
					<vertex>
						<position x="-0.219565" y="-0.172749" z="-0.679327"/>
						<normal x="-0.143104" y="-0.864241" z="-0.482294"/>
						<texcoord u="0.616614" v="0.751031"/>
					</vertex>
					<vertex>
						<position x="-0.289470" y="-0.028265" z="-0.884173"/>
						<normal x="-0.200416" y="-0.751646" z="-0.628381"/>
						<texcoord u="0.630833" v="0.696598"/>
					</vertex>
					<vertex>
						<position x="-0.600131" y="-0.223666" z="-0.240640"/>
						<normal x="-0.193214" y="-0.925694" z="-0.325207"/>
						<texcoord u="0.716665" v="0.827795"/>
					</vertex>
					<vertex>
						<position x="-0.916980" y="-0.154514" z="-0.288970"/>
						<normal x="-0.469472" y="-0.805211" z="-0.362259"/>
						<texcoord u="0.772471" v="0.794811"/>
					</vertex>
					<vertex>
						<position x="0.338943" y="-0.194178" z="-0.519460"/>
						<normal x="0.154183" y="-0.908127" z="-0.389272"/>
						<texcoord u="0.552335" v="0.329961"/>
					</vertex>
					<vertex>
						<position x="0.264475" y="-0.083811" z="-0.797612"/>
						<normal x="0.128456" y="-0.850634" z="-0.509825"/>
						<texcoord u="0.589143" v="0.278550"/>
					</vertex>
					<vertex>
						<position x="0.548104" y="-0.077841" z="-0.684623"/>
						<normal x="0.336417" y="-0.805014" z="-0.488648"/>
						<texcoord u="0.531254" v="0.275219"/>
					</vertex>
					<vertex>
						<position x="0.060058" y="-0.181193" z="-0.606000"/>
						<normal x="0.060733" y="-0.898874" z="-0.433979"/>
						<texcoord u="0.615657" v="0.333278"/>
					</vertex>
					<vertex>
						<position x="-0.219565" y="-0.172749" z="-0.679327"/>
						<normal x="-0.143104" y="-0.864241" z="-0.482294"/>
						<texcoord u="0.678361" v="0.333678"/>
					</vertex>
					<vertex>
						<position x="-0.289470" y="-0.028265" z="-0.884173"/>
						<normal x="-0.200416" y="-0.751646" z="-0.628381"/>
						<texcoord u="0.704840" v="0.283889"/>
					</vertex>
					<vertex>
						<position x="-0.032443" y="-0.055218" z="-0.860844"/>
						<normal x="0.002930" y="-0.816101" z="-0.577902"/>
						<texcoord u="0.650092" v="0.280166"/>
					</vertex>
					<vertex>
						<position x="1.054289" y="0.092483" z="0.186278"/>
						<normal x="0.949212" y="-0.304339" z="0.079839"/>
						<texcoord u="0.334101" v="0.264227"/>
					</vertex>
					<vertex>
						<position x="1.076141" y="0.324815" z="0.390006"/>
						<normal x="0.977407" y="0.018525" z="0.210552"/>
						<texcoord u="0.296064" v="0.224640"/>
					</vertex>
					<vertex>
						<position x="0.989213" y="0.083807" z="0.537059"/>
						<normal x="0.911140" y="-0.325575" z="0.252635"/>
						<texcoord u="0.268578" v="0.269540"/>
					</vertex>
					<vertex>
						<position x="0.913711" y="-0.169643" z="0.315727"/>
						<normal x="0.888905" y="-0.429712" z="0.158731"/>
						<texcoord u="0.310078" v="0.324042"/>
					</vertex>
					<vertex>
						<position x="0.830398" y="-0.166892" z="0.649529"/>
						<normal x="0.780510" y="-0.524389" z="0.340325"/>
						<texcoord u="0.237264" v="0.323603"/>
					</vertex>
					<vertex>
						<position x="1.051894" y="0.099313" z="-0.180411"/>
						<normal x="0.923184" y="-0.333670" z="-0.190777"/>
						<texcoord u="0.398823" v="0.253113"/>
					</vertex>
					<vertex>
						<position x="1.111073" y="0.367336" z="-0.001811"/>
						<normal x="0.996707" y="-0.080691" z="0.008057"/>
						<texcoord u="0.361648" v="0.211810"/>
					</vertex>
					<vertex>
						<position x="1.063087" y="0.405550" z="-0.345419"/>
						<normal x="0.937851" y="-0.094334" z="-0.333970"/>
						<texcoord u="0.416249" v="0.198190"/>
					</vertex>
					<vertex>
						<position x="1.133857" y="0.643293" z="-0.187452"/>
						<normal x="0.982966" y="0.157419" z="-0.094854"/>
						<texcoord u="0.385704" v="0.166219"/>
					</vertex>
					<vertex>
						<position x="1.059507" y="0.785887" z="-0.006489"/>
						<normal x="0.848261" y="0.496004" z="0.185559"/>
						<texcoord u="0.356808" v="0.144305"/>
					</vertex>
					<vertex>
						<position x="1.070358" y="0.523179" z="0.170379"/>
						<normal x="0.958389" y="0.187784" z="0.215007"/>
						<texcoord u="0.330153" v="0.187845"/>
					</vertex>
					<vertex>
						<position x="0.966664" y="0.148108" z="-0.481833"/>
						<normal x="0.819689" y="-0.364401" z="-0.441951"/>
						<texcoord u="0.449255" v="0.234925"/>
					</vertex>
					<vertex>
						<position x="0.380974" y="-0.076945" z="1.278450"/>
						<normal x="0.252178" y="-0.386125" z="0.887307"/>
						<texcoord u="0.090446" v="0.292443"/>
					</vertex>
					<vertex>
						<position x="0.210298" y="0.187193" z="1.288499"/>
						<normal x="0.119269" y="0.282484" z="0.951829"/>
						<texcoord u="0.055653" v="0.242353"/>
					</vertex>
					<vertex>
						<position x="0.114577" y="-0.031586" z="1.310242"/>
						<normal x="0.023897" y="-0.322466" z="0.946279"/>
						<texcoord u="0.037993" v="0.290009"/>
					</vertex>
					<vertex>
						<position x="0.190568" y="-0.275246" z="1.127865"/>
						<normal x="0.113746" y="-0.653422" z="0.748399"/>
						<texcoord u="0.067800" v="0.348666"/>
					</vertex>
					<vertex>
						<position x="0.401658" y="-0.280732" z="1.018492"/>
						<normal x="0.387197" y="-0.762063" z="0.518978"/>
						<texcoord u="0.118334" v="0.350266"/>
					</vertex>
					<vertex>
						<position x="-0.068834" y="-0.256708" z="1.157176"/>
						<normal x="-0.086705" y="-0.642215" z="0.761605"/>
						<texcoord u="0.013191" v="0.354234"/>
					</vertex>
					<vertex>
						<position x="0.630192" y="-0.082938" z="1.130988"/>
						<normal x="0.629552" y="-0.450740" z="0.632849"/>
						<texcoord u="0.140542" v="0.292894"/>
					</vertex>
					<vertex>
						<position x="0.487745" y="0.190596" z="1.253802"/>
						<normal x="0.380821" y="0.254166" z="0.889030"/>
						<texcoord u="0.109519" v="0.245727"/>
					</vertex>
					<vertex>
						<position x="0.723150" y="0.201373" z="1.057823"/>
						<normal x="0.704538" y="0.135384" z="0.696633"/>
						<texcoord u="0.162885" v="0.244718"/>
					</vertex>
					<vertex>
						<position x="0.561714" y="0.395677" z="1.083710"/>
						<normal x="0.351549" y="0.530696" z="0.771217"/>
						<texcoord u="0.138500" v="0.204719"/>
					</vertex>
					<vertex>
						<position x="0.353993" y="0.564075" z="0.966440"/>
						<normal x="0.045413" y="0.731210" z="0.680639"/>
						<texcoord u="0.115928" v="0.150319"/>
					</vertex>
					<vertex>
						<position x="0.275864" y="0.404461" z="1.142345"/>
						<normal x="0.152595" y="0.644408" z="0.749302"/>
						<texcoord u="0.081162" v="0.190592"/>
					</vertex>
					<vertex>
						<position x="0.816415" y="-0.003565" z="0.903394"/>
						<normal x="0.795088" y="-0.395103" z="0.460139"/>
						<texcoord u="0.193421" v="0.283667"/>
					</vertex>
					<vertex>
						<position x="0.603439" y="-0.226305" z="0.835289"/>
						<normal x="0.578981" y="-0.729196" z="0.364766"/>
						<texcoord u="0.177334" v="0.343895"/>
					</vertex>
					<vertex>
						<position x="-1.309870" y="-0.130888" z="0.383122"/>
						<normal x="-0.622470" y="-0.778789" z="0.077580"/>
						<texcoord u="0.910605" v="0.863355"/>
					</vertex>
					<vertex>
						<position x="-1.531504" y="0.171531" z="0.190971"/>
						<normal x="-0.889071" y="-0.448167" z="-0.093265"/>
						<texcoord u="0.924722" v="0.784244"/>
					</vertex>
					<vertex>
						<position x="-1.301903" y="0.026595" z="0.102945"/>
						<normal x="-0.571262" y="-0.710217" z="-0.411402"/>
						<texcoord u="0.879483" v="0.807226"/>
					</vertex>
					<vertex>
						<position x="-1.309870" y="-0.130888" z="0.383122"/>
						<normal x="-0.622470" y="-0.778789" z="0.077580"/>
						<texcoord u="0.040614" v="0.504325"/>
					</vertex>
					<vertex>
						<position x="-0.759845" y="-0.323544" z="0.617380"/>
						<normal x="-0.288225" y="-0.946101" z="0.147714"/>
						<texcoord u="0.033676" v="0.625019"/>
					</vertex>
					<vertex>
						<position x="-0.732658" y="-0.243498" z="0.921208"/>
						<normal x="-0.411312" y="-0.725846" z="0.551335"/>
						<texcoord u="0.085729" v="0.643470"/>
					</vertex>
					<vertex>
						<position x="-1.319341" y="0.056617" z="0.581903"/>
						<normal x="-0.725708" y="-0.217630" z="0.652676"/>
						<texcoord u="0.094095" v="0.508003"/>
					</vertex>
					<vertex>
						<position x="-1.319341" y="0.056617" z="0.581903"/>
						<normal x="-0.725708" y="-0.217630" z="0.652676"/>
						<texcoord u="0.968971" v="0.860165"/>
					</vertex>
					<vertex>
						<position x="-0.559739" y="-0.026528" z="1.156007"/>
						<normal x="-0.484614" y="-0.031526" z="0.874160"/>
						<texcoord u="0.140121" v="0.671511"/>
					</vertex>
					<vertex>
						<position x="-0.951314" y="0.317844" z="0.758807"/>
						<normal x="-0.505193" y="0.358485" z="0.785028"/>
						<texcoord u="0.167874" v="0.562676"/>
					</vertex>
					<vertex>
						<position x="-1.058347" y="0.636685" z="0.522262"/>
						<normal x="-0.401215" y="0.636494" z="0.658712"/>
						<texcoord u="0.217603" v="0.504521"/>
					</vertex>
					<vertex>
						<position x="-1.549990" y="0.424533" z="0.360180"/>
						<normal x="-0.771916" y="0.303969" z="0.558344"/>
						<texcoord u="0.143293" v="0.426341"/>
					</vertex>
					<vertex>
						<position x="-1.549990" y="0.424533" z="0.360180"/>
						<normal x="-0.771916" y="0.303969" z="0.558344"/>
						<texcoord u="0.977417" v="0.759218"/>
					</vertex>
					<vertex>
						<position x="-0.217215" y="-0.124472" z="1.245653"/>
						<normal x="-0.217847" y="-0.521269" z="0.825119"/>
						<texcoord u="0.140352" v="0.733505"/>
					</vertex>
					<vertex>
						<position x="-0.444361" y="-0.303855" z="0.912977"/>
						<normal x="-0.218852" y="-0.849132" z="0.480706"/>
						<texcoord u="0.074028" v="0.692826"/>
					</vertex>
					<vertex>
						<position x="-0.068834" y="-0.256708" z="1.157176"/>
						<normal x="-0.086705" y="-0.642215" z="0.761605"/>
						<texcoord u="0.116222" v="0.764468"/>
					</vertex>
					<vertex>
						<position x="-0.744955" y="0.099312" z="-0.764244"/>
						<normal x="-0.585603" y="-0.483791" z="-0.650396"/>
						<texcoord u="0.724635" v="0.703970"/>
					</vertex>
					<vertex>
						<position x="-0.652744" y="0.406254" z="-0.898425"/>
						<normal x="-0.552426" y="-0.151985" z="-0.819589"/>
						<texcoord u="0.728777" v="0.643910"/>
					</vertex>
					<vertex>
						<position x="-0.498826" y="0.148108" z="-0.958005"/>
						<normal x="-0.408504" y="-0.433560" z="-0.803213"/>
						<texcoord u="0.680139" v="0.669169"/>
					</vertex>
					<vertex>
						<position x="-0.967474" y="0.096319" z="-0.476770"/>
						<normal x="-0.660384" y="-0.447357" z="-0.603129"/>
						<texcoord u="0.778425" v="0.738412"/>
					</vertex>
					<vertex>
						<position x="-0.909026" y="0.403196" z="-0.657350"/>
						<normal x="-0.672975" y="-0.275068" z="-0.686617"/>
						<texcoord u="0.779477" v="0.676048"/>
					</vertex>
					<vertex>
						<position x="-1.160113" y="0.376747" z="-0.388046"/>
						<normal x="-0.657041" y="-0.352066" z="-0.666593"/>
						<texcoord u="0.830857" v="0.709066"/>
					</vertex>
					<vertex>
						<position x="-1.144833" y="0.666674" z="-0.599105"/>
						<normal x="-0.694524" y="0.068271" z="-0.716223"/>
						<texcoord u="0.831739" v="0.652352"/>
					</vertex>
					<vertex>
						<position x="-0.889092" y="0.898202" z="-0.653250"/>
						<normal x="-0.492396" y="0.660831" z="-0.566435"/>
						<texcoord u="0.822119" v="0.598348"/>
					</vertex>
					<vertex>
						<position x="-0.834217" y="0.706895" z="-0.850918"/>
						<normal x="-0.583891" y="0.149971" z="-0.797860"/>
						<texcoord u="0.780705" v="0.616071"/>
					</vertex>
					<vertex>
						<position x="-1.186536" y="0.110787" z="-0.228860"/>
						<normal x="-0.662396" y="-0.570593" z="-0.485444"/>
						<texcoord u="0.832479" v="0.761933"/>
					</vertex>
					<vertex>
						<position x="0.496639" y="0.099312" z="-0.944657"/>
						<normal x="0.405203" y="-0.473902" z="-0.781810"/>
						<texcoord u="0.559891" v="0.226330"/>
					</vertex>
					<vertex>
						<position x="0.652778" y="0.406322" z="-0.898428"/>
						<normal x="0.584926" y="-0.005127" z="-0.811071"/>
						<texcoord u="0.527085" v="0.177636"/>
					</vertex>
					<vertex>
						<position x="0.756972" y="0.148108" z="-0.770451"/>
						<normal x="0.649046" y="-0.398577" z="-0.647978"/>
						<texcoord u="0.507024" v="0.224768"/>
					</vertex>
					<vertex>
						<position x="0.153471" y="0.099311" z="-1.056160"/>
						<normal x="0.113806" y="-0.495267" z="-0.861254"/>
						<texcoord u="0.623743" v="0.225413"/>
					</vertex>
					<vertex>
						<position x="0.343168" y="0.406254" z="-1.056162"/>
						<normal x="0.309555" y="-0.013215" z="-0.950790"/>
						<texcoord u="0.588091" v="0.168911"/>
					</vertex>
					<vertex>
						<position x="0.000000" y="0.406254" z="-1.110514"/>
						<normal x="0.009308" y="-0.015992" z="-0.999829"/>
						<texcoord u="0.658133" v="0.164464"/>
					</vertex>
					<vertex>
						<position x="0.159509" y="0.656916" z="-1.068962"/>
						<normal x="0.189221" y="0.233261" z="-0.953826"/>
						<texcoord u="0.617378" v="0.113350"/>
					</vertex>
					<vertex>
						<position x="0.309677" y="0.834698" z="-0.954775"/>
						<normal x="0.318342" y="0.353164" z="-0.879735"/>
						<texcoord u="0.571132" v="0.082209"/>
					</vertex>
					<vertex>
						<position x="0.499470" y="0.637339" z="-0.960848"/>
						<normal x="0.432312" y="0.248553" z="-0.866792"/>
						<texcoord u="0.547952" v="0.131738"/>
					</vertex>
					<vertex>
						<position x="-0.159538" y="0.148108" z="-1.068246"/>
						<normal x="-0.140572" y="-0.436426" z="-0.888691"/>
						<texcoord u="0.687440" v="0.224402"/>
					</vertex>
					<vertex>
						<position x="0.793617" y="0.464530" z="0.872929"/>
						<normal x="0.683083" y="0.352864" z="0.639441"/>
						<texcoord u="0.198123" v="0.196978"/>
					</vertex>
					<vertex>
						<position x="0.844264" y="0.792686" z="0.633290"/>
						<normal x="0.544643" y="0.727451" z="0.417348"/>
						<texcoord u="0.243763" v="0.142319"/>
					</vertex>
					<vertex>
						<position x="0.614536" y="0.701781" z="0.855638"/>
						<normal x="0.155004" y="0.728266" z="0.667534"/>
						<texcoord u="0.181883" v="0.140057"/>
					</vertex>
					<vertex>
						<position x="0.947142" y="0.253266" z="0.770855"/>
						<normal x="0.882398" y="0.051242" z="0.467705"/>
						<texcoord u="0.226864" v="0.237716"/>
					</vertex>
					<vertex>
						<position x="0.978245" y="0.533297" z="0.507982"/>
						<normal x="0.894173" y="0.271588" z="0.355942"/>
						<texcoord u="0.270641" v="0.187900"/>
					</vertex>
					<vertex>
						<position x="0.983918" y="0.749022" z="0.294887"/>
						<normal x="0.760657" y="0.583951" z="0.283552"/>
						<texcoord u="0.305231" v="0.148290"/>
					</vertex>
					<vertex>
						<position x="-0.363718" y="0.401583" z="1.128878"/>
						<normal x="-0.376242" y="0.493100" z="0.784407"/>
						<texcoord u="0.216656" v="0.674652"/>
					</vertex>
					<vertex>
						<position x="-0.268685" y="0.670773" z="0.900166"/>
						<normal x="-0.127236" y="0.813497" z="0.567480"/>
						<texcoord u="0.275344" v="0.654218"/>
					</vertex>
					<vertex>
						<position x="-0.644093" y="0.628345" z="0.749679"/>
						<normal x="-0.357656" y="0.682871" z="0.637000"/>
						<texcoord u="0.243979" v="0.588240"/>
					</vertex>
					<vertex>
						<position x="-0.071290" y="0.167774" z="1.321097"/>
						<normal x="-0.143927" y="0.163093" z="0.976056"/>
						<texcoord u="0.196706" v="0.742380"/>
					</vertex>
					<vertex>
						<position x="-0.038735" y="0.485555" z="1.154090"/>
						<normal x="0.018312" y="0.644139" z="0.764690"/>
						<texcoord u="0.253322" v="0.718059"/>
					</vertex>
					<vertex>
						<position x="0.210298" y="0.187193" z="1.288499"/>
						<normal x="0.119269" y="0.282484" z="0.951829"/>
						<texcoord u="0.223551" v="0.787689"/>
					</vertex>
					<vertex>
						<position x="0.275864" y="0.404461" z="1.142345"/>
						<normal x="0.152595" y="0.644408" z="0.749302"/>
						<texcoord u="0.274827" v="0.773516"/>
					</vertex>
					<vertex>
						<position x="0.353993" y="0.564075" z="0.966440"/>
						<normal x="0.045413" y="0.731210" z="0.680639"/>
						<texcoord u="0.322243" v="0.761824"/>
					</vertex>
					<vertex>
						<position x="0.069849" y="0.612769" z="0.947174"/>
						<normal x="0.100865" y="0.815193" z="0.570339"/>
						<texcoord u="0.300195" v="0.711569"/>
					</vertex>
					<vertex>
						<position x="0.114577" y="-0.031586" z="1.310242"/>
						<normal x="0.023897" y="-0.322466" z="0.946279"/>
						<texcoord u="0.175213" v="0.787689"/>
					</vertex>
					<vertex>
						<position x="-1.381188" y="0.671538" z="-0.337892"/>
						<normal x="-0.804557" y="0.161448" z="-0.571509"/>
						<texcoord u="0.878401" v="0.676675"/>
					</vertex>
					<vertex>
						<position x="-1.250433" y="0.925959" z="-0.121231"/>
						<normal x="-0.526853" y="0.848831" z="0.043734"/>
						<texcoord u="0.917941" v="0.637509"/>
					</vertex>
					<vertex>
						<position x="-1.080650" y="0.948517" z="-0.415963"/>
						<normal x="-0.497611" y="0.779514" z="-0.380449"/>
						<texcoord u="0.868859" v="0.614410"/>
					</vertex>
					<vertex>
						<position x="-1.429279" y="0.286770" z="-0.122261"/>
						<normal x="-0.721289" y="-0.424979" z="-0.546933"/>
						<texcoord u="0.882873" v="0.744285"/>
					</vertex>
					<vertex>
						<position x="-1.564098" y="0.571091" z="0.005836"/>
						<normal x="-0.952163" y="0.288466" z="-0.100865"/>
						<texcoord u="0.926439" v="0.713268"/>
					</vertex>
					<vertex>
						<position x="-1.270821" y="0.784873" z="0.165875"/>
						<normal x="-0.463165" y="0.773854" z="0.432005"/>
						<texcoord u="0.241276" v="0.423096"/>
					</vertex>
					<vertex>
						<position x="-1.270821" y="0.784873" z="0.165875"/>
						<normal x="-0.463165" y="0.773854" z="0.432005"/>
						<texcoord u="0.971937" v="0.660100"/>
					</vertex>
					<vertex>
						<position x="-0.155221" y="0.714553" z="-1.075036"/>
						<normal x="-0.050051" y="0.181223" z="-0.982168"/>
						<texcoord u="0.682629" v="0.542861"/>
					</vertex>
					<vertex>
						<position x="-0.314190" y="1.036703" z="-0.973492"/>
						<normal x="-0.169961" y="0.664675" z="-0.727544"/>
						<texcoord u="0.743066" v="0.523439"/>
					</vertex>
					<vertex>
						<position x="0.010293" y="0.942715" z="-0.987905"/>
						<normal x="0.119758" y="0.486542" z="-0.865410"/>
						<texcoord u="0.696143" v="0.487931"/>
					</vertex>
					<vertex>
						<position x="0.159509" y="0.656916" z="-1.068962"/>
						<normal x="0.189221" y="0.233261" z="-0.953826"/>
						<texcoord u="0.629793" v="0.505445"/>
					</vertex>
					<vertex>
						<position x="0.000000" y="0.406254" z="-1.110514"/>
						<normal x="0.009308" y="-0.015992" z="-0.999829"/>
						<texcoord u="0.617704" v="0.569687"/>
					</vertex>
					<vertex>
						<position x="0.309677" y="0.834698" z="-0.954775"/>
						<normal x="0.318342" y="0.353164" z="-0.879735"/>
						<texcoord u="0.641849" v="0.450625"/>
					</vertex>
					<vertex>
						<position x="-0.343168" y="0.406254" z="-1.056162"/>
						<normal x="-0.284346" y="-0.061557" z="-0.956743"/>
						<texcoord u="0.675565" v="0.610328"/>
					</vertex>
					<vertex>
						<position x="-0.536068" y="0.743549" z="-1.010252"/>
						<normal x="-0.385971" y="0.178565" z="-0.905064"/>
						<texcoord u="0.738022" v="0.581600"/>
					</vertex>
					<vertex>
						<position x="-0.608669" y="0.952634" z="-0.811309"/>
						<normal x="-0.461604" y="0.687935" z="-0.560059"/>
						<texcoord u="0.783081" v="0.561377"/>
					</vertex>
					<vertex>
						<position x="-0.159538" y="0.148108" z="-1.068246"/>
						<normal x="-0.140572" y="-0.436426" z="-0.888691"/>
						<texcoord u="0.616614" v="0.636418"/>
					</vertex>
					<vertex>
						<position x="0.988240" y="0.709265" z="-0.487085"/>
						<normal x="0.824815" y="0.228620" z="-0.517119"/>
						<texcoord u="0.432222" v="0.147361"/>
					</vertex>
					<vertex>
						<position x="0.793203" y="0.916721" z="-0.572444"/>
						<normal x="0.604127" y="0.633578" z="-0.483332"/>
						<texcoord u="0.450488" v="0.101475"/>
					</vertex>
					<vertex>
						<position x="0.978049" y="0.922411" z="-0.313060"/>
						<normal x="0.688943" y="0.703562" z="-0.174235"/>
						<texcoord u="0.401712" v="0.119089"/>
					</vertex>
					<vertex>
						<position x="0.898958" y="0.407318" z="-0.652803"/>
						<normal x="0.797311" y="-0.019898" z="-0.603240"/>
						<texcoord u="0.470669" v="0.187894"/>
					</vertex>
					<vertex>
						<position x="0.752294" y="0.691642" z="-0.768731"/>
						<normal x="0.654267" y="0.264508" z="-0.708499"/>
						<texcoord u="0.490772" v="0.135119"/>
					</vertex>
					<vertex>
						<position x="0.579782" y="0.878774" z="-0.802208"/>
						<normal x="0.518306" y="0.462273" z="-0.719488"/>
						<texcoord u="0.508074" v="0.091693"/>
					</vertex>
					<vertex>
						<position x="0.517269" y="0.832529" z="0.575899"/>
						<normal x="-0.019837" y="0.946643" z="0.321672"/>
						<texcoord u="0.417681" v="0.736316"/>
					</vertex>
					<vertex>
						<position x="0.175447" y="0.814419" z="0.486312"/>
						<normal x="0.113654" y="0.860464" z="0.496673"/>
						<texcoord u="0.390379" v="0.673261"/>
					</vertex>
					<vertex>
						<position x="0.276843" y="0.712502" z="0.759515"/>
						<normal x="-0.025087" y="0.876821" z="0.480161"/>
						<texcoord u="0.355602" v="0.721847"/>
					</vertex>
					<vertex>
						<position x="0.614536" y="0.701781" z="0.855638"/>
						<normal x="0.155004" y="0.728266" z="0.667534"/>
						<texcoord u="0.378833" v="0.786576"/>
					</vertex>
					<vertex>
						<position x="0.517269" y="0.832529" z="0.575899"/>
						<normal x="-0.019837" y="0.946643" z="0.321672"/>
						<texcoord u="0.221698" v="0.084019"/>
					</vertex>
					<vertex>
						<position x="0.739137" y="0.862091" z="0.279670"/>
						<normal x="0.211375" y="0.942519" z="0.258801"/>
						<texcoord u="0.294280" v="0.099939"/>
					</vertex>
					<vertex>
						<position x="0.390662" y="0.914494" z="0.251572"/>
						<normal x="0.250013" y="0.845808" z="0.471277"/>
						<texcoord u="0.275978" v="0.031704"/>
					</vertex>
					<vertex>
						<position x="0.390662" y="0.914494" z="0.251572"/>
						<normal x="0.250013" y="0.845808" z="0.471277"/>
						<texcoord u="0.455131" v="0.676834"/>
					</vertex>
					<vertex>
						<position x="0.582737" y="0.997737" z="-0.026991"/>
						<normal x="0.338703" y="0.890157" z="0.304796"/>
						<texcoord u="0.347390" v="0.048531"/>
					</vertex>
					<vertex>
						<position x="0.268037" y="1.229362" z="0.004824"/>
						<normal x="0.346154" y="0.864012" z="0.365595"/>
						<texcoord u="0.489185" v="0.607257"/>
					</vertex>
					<vertex>
						<position x="-0.000485" y="1.233870" z="0.010669"/>
						<normal x="-0.175637" y="0.925125" z="0.336595"/>
						<texcoord u="0.459344" v="0.569976"/>
					</vertex>
					<vertex>
						<position x="0.074385" y="1.114320" z="0.237955"/>
						<normal x="0.096624" y="0.795725" z="0.597900"/>
						<texcoord u="0.431420" v="0.609978"/>
					</vertex>
					<vertex>
						<position x="0.582737" y="0.997737" z="-0.026991"/>
						<normal x="0.338703" y="0.890157" z="0.304796"/>
						<texcoord u="0.523452" v="0.671173"/>
					</vertex>
					<vertex>
						<position x="0.873619" y="0.949055" z="-0.011819"/>
						<normal x="0.392570" y="0.891104" z="0.227644"/>
						<texcoord u="0.353655" v="0.104213"/>
					</vertex>
					<vertex>
						<position x="-0.415975" y="0.798158" z="0.608688"/>
						<normal x="-0.181805" y="0.840845" z="0.509830"/>
						<texcoord u="0.302298" v="0.596726"/>
					</vertex>
					<vertex>
						<position x="-0.497292" y="0.969431" z="0.276785"/>
						<normal x="-0.215649" y="0.880419" z="0.422325"/>
						<texcoord u="0.345663" v="0.538714"/>
					</vertex>
					<vertex>
						<position x="-0.799013" y="0.815213" z="0.412024"/>
						<normal x="-0.268445" y="0.820502" z="0.504692"/>
						<texcoord u="0.278968" v="0.518864"/>
					</vertex>
					<vertex>
						<position x="-0.060138" y="0.758593" z="0.720042"/>
						<normal x="0.064883" y="0.876252" z="0.477465"/>
						<texcoord u="0.327276" v="0.662504"/>
					</vertex>
					<vertex>
						<position x="-0.159432" y="0.964827" z="0.425735"/>
						<normal x="-0.039919" y="0.836103" z="0.547117"/>
						<texcoord u="0.369000" v="0.605389"/>
					</vertex>
					<vertex>
						<position x="-0.218948" y="1.103451" z="0.131199"/>
						<normal x="-0.250408" y="0.889719" z="0.381701"/>
						<texcoord u="0.408646" v="0.556217"/>
					</vertex>
					<vertex>
						<position x="-0.822108" y="1.044177" z="-0.217463"/>
						<normal x="-0.249889" y="0.966809" z="0.053256"/>
						<texcoord u="0.896421" v="0.562728"/>
					</vertex>
					<vertex>
						<position x="-0.471064" y="1.135610" z="-0.336329"/>
						<normal x="-0.272624" y="0.961859" z="0.022431"/>
						<texcoord u="0.858270" v="0.500804"/>
					</vertex>
					<vertex>
						<position x="-0.717790" y="1.045327" z="-0.515459"/>
						<normal x="-0.339739" y="0.904221" z="-0.258772"/>
						<texcoord u="0.839340" v="0.556746"/>
					</vertex>
					<vertex>
						<position x="-0.864332" y="0.965071" z="0.087506"/>
						<normal x="-0.244001" y="0.906208" z="0.345325"/>
						<texcoord u="0.959357" v="0.568343"/>
					</vertex>
					<vertex>
						<position x="-0.514807" y="1.075531" z="-0.032938"/>
						<normal x="-0.236095" y="0.940779" z="0.243298"/>
						<texcoord u="0.921807" v="0.495548"/>
					</vertex>
					<vertex>
						<position x="-0.514807" y="1.075531" z="-0.032938"/>
						<normal x="-0.236095" y="0.940779" z="0.243298"/>
						<texcoord u="0.390034" v="0.493099"/>
					</vertex>
					<vertex>
						<position x="-0.864332" y="0.965071" z="0.087506"/>
						<normal x="-0.244001" y="0.906208" z="0.345325"/>
						<texcoord u="0.320672" v="0.462523"/>
					</vertex>
					<vertex>
						<position x="-0.209905" y="1.190224" z="-0.149884"/>
						<normal x="-0.302624" y="0.939918" z="0.158026"/>
						<texcoord u="0.452572" v="0.519811"/>
					</vertex>
					<vertex>
						<position x="-0.209905" y="1.190224" z="-0.149884"/>
						<normal x="-0.302624" y="0.939918" z="0.158026"/>
						<texcoord u="0.876563" v="0.436894"/>
					</vertex>
					<vertex>
						<position x="-0.057017" y="1.098797" z="-0.817572"/>
						<normal x="-0.024568" y="0.884795" z="-0.465333"/>
						<texcoord u="0.739749" v="0.470578"/>
					</vertex>
					<vertex>
						<position x="0.217698" y="1.225547" z="-0.562132"/>
						<normal x="0.151800" y="0.956762" z="-0.248117"/>
						<texcoord u="0.758057" v="0.394565"/>
					</vertex>
					<vertex>
						<position x="0.295863" y="1.094642" z="-0.863530"/>
						<normal x="0.259170" y="0.687357" z="-0.678506"/>
						<texcoord u="0.690976" v="0.416808"/>
					</vertex>
					<vertex>
						<position x="-0.405044" y="1.130957" z="-0.662106"/>
						<normal x="-0.267927" y="0.924484" z="-0.271192"/>
						<texcoord u="0.797159" v="0.510000"/>
					</vertex>
					<vertex>
						<position x="-0.144160" y="1.229643" z="-0.457557"/>
						<normal x="-0.187818" y="0.970007" z="-0.154307"/>
						<texcoord u="0.812101" v="0.447192"/>
					</vertex>
					<vertex>
						<position x="0.095189" y="1.299574" z="-0.227824"/>
						<normal x="0.017792" y="0.999492" z="0.026429"/>
						<texcoord u="0.507275" v="0.555082"/>
					</vertex>
					<vertex>
						<position x="0.095189" y="1.299574" z="-0.227824"/>
						<normal x="0.017792" y="0.999492" z="0.026429"/>
						<texcoord u="0.832665" v="0.380398"/>
					</vertex>
					<vertex>
						<position x="0.732604" y="1.010012" z="-0.319522"/>
						<normal x="0.388139" y="0.921578" z="-0.006501"/>
						<texcoord u="0.406998" v="0.075526"/>
					</vertex>
					<vertex>
						<position x="0.547848" y="1.088469" z="-0.612380"/>
						<normal x="0.489627" y="0.819728" z="-0.297170"/>
						<texcoord u="0.471890" v="0.046196"/>
					</vertex>
					<vertex>
						<position x="0.444331" y="1.151193" z="-0.320221"/>
						<normal x="0.438010" y="0.898299" z="0.034731"/>
						<texcoord u="0.413918" v="0.011808"/>
					</vertex>
					<vertex>
						<position x="0.444331" y="1.151193" z="-0.320221"/>
						<normal x="0.438010" y="0.898299" z="0.034731"/>
						<texcoord u="0.770287" v="0.324641"/>
					</vertex>
					<vertex>
						<position x="0.547848" y="1.088469" z="-0.612380"/>
						<normal x="0.489627" y="0.819728" z="-0.297170"/>
						<texcoord u="0.704352" v="0.341484"/>
					</vertex>
					<vertex>
						<position x="0.444331" y="1.151193" z="-0.320221"/>
						<normal x="0.438010" y="0.898299" z="0.034731"/>
						<texcoord u="0.559033" v="0.610435"/>
					</vertex>
					<vertex>
						<position x="0.295863" y="1.094642" z="-0.863530"/>
						<normal x="0.259170" y="0.687357" z="-0.678506"/>
						<texcoord u="0.546230" v="0.028379"/>
					</vertex>
				</vertexbuffer>
			</geometry>
		</submesh>
	</submeshes>
</mesh>
