<mesh>
	<submeshes>
		<submesh material="Wood" usesharedvertices="false">
			<faces count="272">
				<face v1="0" v2="1" v3="2"/>
				<face v1="0" v2="3" v3="1"/>
				<face v1="0" v2="4" v3="3"/>
				<face v1="0" v2="5" v3="4"/>
				<face v1="0" v2="6" v3="5"/>
				<face v1="0" v2="7" v3="6"/>
				<face v1="0" v2="8" v3="7"/>
				<face v1="0" v2="9" v3="8"/>
				<face v1="10" v2="11" v3="12"/>
				<face v1="10" v2="12" v3="13"/>
				<face v1="11" v2="14" v3="12"/>
				<face v1="14" v2="15" v3="12"/>
				<face v1="14" v2="16" v3="17"/>
				<face v1="14" v2="17" v3="15"/>
				<face v1="16" v2="18" v3="17"/>
				<face v1="18" v2="19" v3="17"/>
				<face v1="18" v2="20" v3="21"/>
				<face v1="18" v2="21" v3="19"/>
				<face v1="20" v2="22" v3="21"/>
				<face v1="22" v2="23" v3="21"/>
				<face v1="13" v2="12" v3="24"/>
				<face v1="13" v2="24" v3="25"/>
				<face v1="12" v2="15" v3="24"/>
				<face v1="15" v2="26" v3="24"/>
				<face v1="15" v2="17" v3="27"/>
				<face v1="15" v2="27" v3="26"/>
				<face v1="17" v2="19" v3="27"/>
				<face v1="19" v2="28" v3="27"/>
				<face v1="19" v2="21" v3="29"/>
				<face v1="19" v2="29" v3="28"/>
				<face v1="21" v2="23" v3="30"/>
				<face v1="21" v2="30" v3="29"/>
				<face v1="25" v2="24" v3="31"/>
				<face v1="25" v2="31" v3="32"/>
				<face v1="24" v2="26" v3="31"/>
				<face v1="26" v2="33" v3="31"/>
				<face v1="26" v2="27" v3="33"/>
				<face v1="27" v2="34" v3="33"/>
				<face v1="27" v2="28" v3="35"/>
				<face v1="27" v2="35" v3="34"/>
				<face v1="28" v2="29" v3="36"/>
				<face v1="28" v2="36" v3="35"/>
				<face v1="29" v2="30" v3="37"/>
				<face v1="29" v2="37" v3="36"/>
				<face v1="32" v2="31" v3="38"/>
				<face v1="32" v2="38" v3="39"/>
				<face v1="31" v2="33" v3="38"/>
				<face v1="33" v2="40" v3="38"/>
				<face v1="33" v2="34" v3="40"/>
				<face v1="34" v2="41" v3="40"/>
				<face v1="34" v2="35" v3="42"/>
				<face v1="34" v2="42" v3="41"/>
				<face v1="35" v2="36" v3="43"/>
				<face v1="35" v2="43" v3="42"/>
				<face v1="36" v2="37" v3="44"/>
				<face v1="36" v2="44" v3="43"/>
				<face v1="39" v2="38" v3="46"/>
				<face v1="38" v2="45" v3="46"/>
				<face v1="38" v2="40" v3="47"/>
				<face v1="38" v2="47" v3="45"/>
				<face v1="40" v2="41" v3="47"/>
				<face v1="41" v2="48" v3="47"/>
				<face v1="41" v2="42" v3="49"/>
				<face v1="41" v2="49" v3="48"/>
				<face v1="42" v2="43" v3="49"/>
				<face v1="43" v2="50" v3="49"/>
				<face v1="43" v2="44" v3="51"/>
				<face v1="43" v2="51" v3="50"/>
				<face v1="46" v2="45" v3="53"/>
				<face v1="45" v2="52" v3="53"/>
				<face v1="45" v2="47" v3="54"/>
				<face v1="45" v2="54" v3="52"/>
				<face v1="47" v2="48" v3="54"/>
				<face v1="48" v2="55" v3="54"/>
				<face v1="48" v2="49" v3="56"/>
				<face v1="48" v2="56" v3="55"/>
				<face v1="49" v2="50" v3="56"/>
				<face v1="50" v2="57" v3="56"/>
				<face v1="50" v2="51" v3="57"/>
				<face v1="51" v2="58" v3="57"/>
				<face v1="53" v2="52" v3="60"/>
				<face v1="52" v2="59" v3="60"/>
				<face v1="52" v2="54" v3="61"/>
				<face v1="52" v2="61" v3="59"/>
				<face v1="54" v2="55" v3="62"/>
				<face v1="54" v2="62" v3="61"/>
				<face v1="55" v2="56" v3="62"/>
				<face v1="56" v2="63" v3="62"/>
				<face v1="56" v2="57" v3="63"/>
				<face v1="57" v2="64" v3="63"/>
				<face v1="57" v2="58" v3="64"/>
				<face v1="58" v2="65" v3="64"/>
				<face v1="66" v2="67" v3="59"/>
				<face v1="67" v2="60" v3="59"/>
				<face v1="59" v2="61" v3="68"/>
				<face v1="59" v2="68" v3="66"/>
				<face v1="61" v2="62" v3="69"/>
				<face v1="61" v2="69" v3="68"/>
				<face v1="62" v2="63" v3="69"/>
				<face v1="63" v2="70" v3="69"/>
				<face v1="63" v2="64" v3="70"/>
				<face v1="64" v2="71" v3="70"/>
				<face v1="64" v2="65" v3="71"/>
				<face v1="65" v2="72" v3="71"/>
				<face v1="22" v2="73" v3="23"/>
				<face v1="73" v2="74" v3="23"/>
				<face v1="73" v2="2" v3="74"/>
				<face v1="2" v2="1" v3="74"/>
				<face v1="23" v2="74" v3="30"/>
				<face v1="74" v2="75" v3="30"/>
				<face v1="74" v2="1" v3="75"/>
				<face v1="1" v2="3" v3="75"/>
				<face v1="30" v2="75" v3="37"/>
				<face v1="75" v2="76" v3="37"/>
				<face v1="75" v2="3" v3="76"/>
				<face v1="3" v2="4" v3="76"/>
				<face v1="37" v2="76" v3="44"/>
				<face v1="76" v2="77" v3="44"/>
				<face v1="76" v2="4" v3="77"/>
				<face v1="4" v2="5" v3="77"/>
				<face v1="44" v2="77" v3="78"/>
				<face v1="44" v2="78" v3="51"/>
				<face v1="77" v2="5" v3="6"/>
				<face v1="77" v2="6" v3="78"/>
				<face v1="51" v2="78" v3="79"/>
				<face v1="51" v2="79" v3="58"/>
				<face v1="78" v2="6" v3="7"/>
				<face v1="78" v2="7" v3="79"/>
				<face v1="58" v2="79" v3="80"/>
				<face v1="58" v2="80" v3="65"/>
				<face v1="79" v2="7" v3="8"/>
				<face v1="79" v2="8" v3="80"/>
				<face v1="65" v2="80" v3="81"/>
				<face v1="65" v2="81" v3="72"/>
				<face v1="80" v2="8" v3="9"/>
				<face v1="80" v2="9" v3="81"/>
				<face v1="82" v2="83" v3="84"/>
				<face v1="82" v2="84" v3="85"/>
				<face v1="86" v2="82" v3="85"/>
				<face v1="86" v2="85" v3="87"/>
				<face v1="88" v2="89" v3="83"/>
				<face v1="88" v2="83" v3="82"/>
				<face v1="90" v2="88" v3="82"/>
				<face v1="90" v2="82" v3="86"/>
				<face v1="91" v2="92" v3="89"/>
				<face v1="91" v2="89" v3="88"/>
				<face v1="93" v2="91" v3="88"/>
				<face v1="93" v2="88" v3="90"/>
				<face v1="94" v2="95" v3="91"/>
				<face v1="95" v2="92" v3="91"/>
				<face v1="96" v2="94" v3="93"/>
				<face v1="94" v2="91" v3="93"/>
				<face v1="97" v2="98" v3="94"/>
				<face v1="98" v2="95" v3="94"/>
				<face v1="99" v2="97" v3="96"/>
				<face v1="97" v2="94" v3="96"/>
				<face v1="100" v2="101" v3="97"/>
				<face v1="101" v2="98" v3="97"/>
				<face v1="102" v2="100" v3="99"/>
				<face v1="100" v2="97" v3="99"/>
				<face v1="103" v2="104" v3="100"/>
				<face v1="104" v2="101" v3="100"/>
				<face v1="105" v2="103" v3="102"/>
				<face v1="103" v2="100" v3="102"/>
				<face v1="106" v2="107" v3="104"/>
				<face v1="106" v2="104" v3="103"/>
				<face v1="108" v2="106" v3="103"/>
				<face v1="108" v2="103" v3="105"/>
				<face v1="109" v2="86" v3="87"/>
				<face v1="109" v2="87" v3="110"/>
				<face v1="111" v2="109" v3="110"/>
				<face v1="111" v2="110" v3="112"/>
				<face v1="113" v2="111" v3="114"/>
				<face v1="111" v2="112" v3="114"/>
				<face v1="115" v2="113" v3="116"/>
				<face v1="113" v2="114" v3="116"/>
				<face v1="117" v2="115" v3="116"/>
				<face v1="117" v2="116" v3="118"/>
				<face v1="119" v2="117" v3="118"/>
				<face v1="119" v2="118" v3="120"/>
				<face v1="121" v2="90" v3="86"/>
				<face v1="121" v2="86" v3="109"/>
				<face v1="122" v2="121" v3="111"/>
				<face v1="121" v2="109" v3="111"/>
				<face v1="123" v2="122" v3="113"/>
				<face v1="122" v2="111" v3="113"/>
				<face v1="124" v2="123" v3="113"/>
				<face v1="124" v2="113" v3="115"/>
				<face v1="125" v2="124" v3="115"/>
				<face v1="125" v2="115" v3="117"/>
				<face v1="126" v2="125" v3="119"/>
				<face v1="125" v2="117" v3="119"/>
				<face v1="127" v2="93" v3="90"/>
				<face v1="127" v2="90" v3="121"/>
				<face v1="128" v2="127" v3="122"/>
				<face v1="127" v2="121" v3="122"/>
				<face v1="129" v2="128" v3="122"/>
				<face v1="129" v2="122" v3="123"/>
				<face v1="130" v2="129" v3="123"/>
				<face v1="130" v2="123" v3="124"/>
				<face v1="131" v2="130" v3="125"/>
				<face v1="130" v2="124" v3="125"/>
				<face v1="132" v2="131" v3="126"/>
				<face v1="131" v2="125" v3="126"/>
				<face v1="133" v2="96" v3="93"/>
				<face v1="133" v2="93" v3="127"/>
				<face v1="134" v2="133" v3="128"/>
				<face v1="133" v2="127" v3="128"/>
				<face v1="135" v2="134" v3="128"/>
				<face v1="135" v2="128" v3="129"/>
				<face v1="136" v2="135" v3="129"/>
				<face v1="136" v2="129" v3="130"/>
				<face v1="137" v2="136" v3="131"/>
				<face v1="136" v2="130" v3="131"/>
				<face v1="138" v2="137" v3="132"/>
				<face v1="137" v2="131" v3="132"/>
				<face v1="139" v2="99" v3="133"/>
				<face v1="99" v2="96" v3="133"/>
				<face v1="140" v2="139" v3="134"/>
				<face v1="139" v2="133" v3="134"/>
				<face v1="141" v2="140" v3="134"/>
				<face v1="141" v2="134" v3="135"/>
				<face v1="142" v2="141" v3="135"/>
				<face v1="142" v2="135" v3="136"/>
				<face v1="143" v2="142" v3="137"/>
				<face v1="142" v2="136" v3="137"/>
				<face v1="144" v2="143" v3="138"/>
				<face v1="143" v2="137" v3="138"/>
				<face v1="145" v2="102" v3="139"/>
				<face v1="102" v2="99" v3="139"/>
				<face v1="146" v2="145" v3="139"/>
				<face v1="146" v2="139" v3="140"/>
				<face v1="147" v2="146" v3="140"/>
				<face v1="147" v2="140" v3="141"/>
				<face v1="148" v2="147" v3="142"/>
				<face v1="147" v2="141" v3="142"/>
				<face v1="149" v2="148" v3="143"/>
				<face v1="148" v2="142" v3="143"/>
				<face v1="150" v2="149" v3="143"/>
				<face v1="150" v2="143" v3="144"/>
				<face v1="151" v2="105" v3="145"/>
				<face v1="105" v2="102" v3="145"/>
				<face v1="152" v2="151" v3="145"/>
				<face v1="152" v2="145" v3="146"/>
				<face v1="153" v2="152" v3="147"/>
				<face v1="152" v2="146" v3="147"/>
				<face v1="154" v2="153" v3="148"/>
				<face v1="153" v2="147" v3="148"/>
				<face v1="155" v2="154" v3="148"/>
				<face v1="155" v2="148" v3="149"/>
				<face v1="156" v2="155" v3="149"/>
				<face v1="156" v2="149" v3="150"/>
				<face v1="157" v2="108" v3="151"/>
				<face v1="108" v2="105" v3="151"/>
				<face v1="158" v2="157" v3="151"/>
				<face v1="158" v2="151" v3="152"/>
				<face v1="159" v2="158" v3="153"/>
				<face v1="158" v2="152" v3="153"/>
				<face v1="160" v2="159" v3="154"/>
				<face v1="159" v2="153" v3="154"/>
				<face v1="161" v2="160" v3="154"/>
				<face v1="161" v2="154" v3="155"/>
				<face v1="162" v2="161" v3="155"/>
				<face v1="162" v2="155" v3="156"/>
				<face v1="163" v2="84" v3="83"/>
				<face v1="163" v2="83" v3="89"/>
				<face v1="163" v2="89" v3="92"/>
				<face v1="163" v2="92" v3="95"/>
				<face v1="163" v2="95" v3="98"/>
				<face v1="163" v2="98" v3="101"/>
				<face v1="163" v2="101" v3="104"/>
				<face v1="163" v2="104" v3="107"/>
			</faces>
			<geometry vertexcount="164">
				<vertexbuffer positions="true" normals="true" texture_coords="1">
					<vertex>
						<position x="2.956295" y="-0.020699" z="1.112289"/>
						<normal x="0.000000" y="0.000000" z="1.000000"/>
						<texcoord u="0.248888" v="-0.514755"/>
					</vertex>
					<vertex>
						<position x="2.974311" y="-0.029520" z="1.111000"/>
						<normal x="0.529507" y="-0.260389" z="0.807353"/>
						<texcoord u="0.270114" v="-0.511052"/>
					</vertex>
					<vertex>
						<position x="2.975272" y="-0.014196" z="1.111000"/>
						<normal x="0.552493" y="0.189220" z="0.811756"/>
						<texcoord u="0.274090" v="-0.525519"/>
					</vertex>
					<vertex>
						<position x="2.962797" y="-0.039676" z="1.111000"/>
						<normal x="0.194437" y="-0.571348" z="0.797342"/>
						<texcoord u="0.263297" v="-0.503686"/>
					</vertex>
					<vertex>
						<position x="2.947474" y="-0.038715" z="1.111000"/>
						<normal x="-0.271807" y="-0.553410" z="0.787311"/>
						<texcoord u="0.255936" v="-0.500237"/>
					</vertex>
					<vertex>
						<position x="2.937318" y="-0.027201" z="1.111000"/>
						<normal x="-0.587865" y="-0.201489" z="0.783464"/>
						<texcoord u="0.248910" v="-0.499257"/>
					</vertex>
					<vertex>
						<position x="2.938278" y="-0.011878" z="1.111000"/>
						<normal x="-0.552916" y="0.269729" z="0.788372"/>
						<texcoord u="0.241789" v="-0.500197"/>
					</vertex>
					<vertex>
						<position x="2.949792" y="-0.001722" z="1.111000"/>
						<normal x="-0.196209" y="0.568727" z="0.798781"/>
						<texcoord u="0.234555" v="-0.503593"/>
					</vertex>
					<vertex>
						<position x="2.965116" y="-0.002682" z="1.111000"/>
						<normal x="0.258039" y="0.529170" z="0.808328"/>
						<texcoord u="0.227643" v="-0.510979"/>
					</vertex>
					<vertex>
						<position x="2.975272" y="-0.014196" z="1.111000"/>
						<normal x="0.552493" y="0.189220" z="0.811756"/>
						<texcoord u="0.223670" v="-0.525519"/>
					</vertex>
					<vertex>
						<position x="2.980790" y="0.021030" z="-0.003101"/>
						<normal x="0.935512" y="0.321797" z="-0.145822"/>
						<texcoord u="0.493234" v="1.455827"/>
					</vertex>
					<vertex>
						<position x="3.003812" y="0.020155" z="0.142647"/>
						<normal x="0.945694" y="0.324814" z="-0.012574"/>
						<texcoord u="0.498829" v="1.098167"/>
					</vertex>
					<vertex>
						<position x="3.002139" y="-0.006550" z="0.142647"/>
						<normal x="0.897380" y="-0.440664" z="-0.022889"/>
						<texcoord u="0.439193" v="1.098919"/>
					</vertex>
					<vertex>
						<position x="2.979138" y="-0.005337" z="-0.003101"/>
						<normal x="0.888233" y="-0.436304" z="-0.143807"/>
						<texcoord u="0.432414" v="1.455186"/>
					</vertex>
					<vertex>
						<position x="2.987129" y="0.017022" z="0.280509"/>
						<normal x="0.943925" y="0.323594" z="0.065524"/>
						<texcoord u="0.475938" v="0.813248"/>
					</vertex>
					<vertex>
						<position x="2.985462" y="-0.009576" z="0.280509"/>
						<normal x="0.896284" y="-0.439383" z="0.060153"/>
						<texcoord u="0.418139" v="0.816401"/>
					</vertex>
					<vertex>
						<position x="2.984419" y="0.019360" z="0.463739"/>
						<normal x="0.945949" y="0.324299" z="-0.003113"/>
						<texcoord u="0.456597" v="0.428307"/>
					</vertex>
					<vertex>
						<position x="2.982840" y="-0.005843" z="0.463739"/>
						<normal x="0.897729" y="-0.438869" z="-0.038424"/>
						<texcoord u="0.404701" v="0.428558"/>
					</vertex>
					<vertex>
						<position x="2.993799" y="0.000452" z="0.633638"/>
						<normal x="0.945660" y="0.324172" z="-0.025300"/>
						<texcoord u="0.434404" v="0.102995"/>
					</vertex>
					<vertex>
						<position x="2.992203" y="-0.025011" z="0.633638"/>
						<normal x="0.896752" y="-0.438472" z="-0.059818"/>
						<texcoord u="0.387610" v="0.104161"/>
					</vertex>
					<vertex>
						<position x="2.998763" y="0.002474" z="0.788588"/>
						<normal x="0.945407" y="0.324047" z="-0.034639"/>
						<texcoord u="0.405356" v="-0.156425"/>
					</vertex>
					<vertex>
						<position x="2.997218" y="-0.022179" z="0.788588"/>
						<normal x="0.897516" y="-0.439480" z="-0.036349"/>
						<texcoord u="0.366025" v="-0.151187"/>
					</vertex>
					<vertex>
						<position x="3.006133" y="-0.001914" z="0.947904"/>
						<normal x="0.943799" y="0.323348" z="0.068485"/>
						<texcoord u="0.364438" v="-0.378704"/>
					</vertex>
					<vertex>
						<position x="3.004637" y="-0.025779" z="0.947904"/>
						<normal x="0.897165" y="-0.440357" z="0.034364"/>
						<texcoord u="0.335612" v="-0.372108"/>
					</vertex>
					<vertex>
						<position x="2.982072" y="-0.024250" z="0.142647"/>
						<normal x="0.323321" y="-0.946068" z="-0.020478"/>
						<texcoord u="0.379089" v="1.100091"/>
					</vertex>
					<vertex>
						<position x="2.959325" y="-0.022812" z="-0.003101"/>
						<normal x="0.322378" y="-0.944733" z="-0.059605"/>
						<texcoord u="0.371834" v="1.461932"/>
					</vertex>
					<vertex>
						<position x="2.965475" y="-0.027205" z="0.280509"/>
						<normal x="0.323900" y="-0.945818" z="0.022737"/>
						<texcoord u="0.361097" v="0.815751"/>
					</vertex>
					<vertex>
						<position x="2.963901" y="-0.022547" z="0.463739"/>
						<normal x="0.323622" y="-0.944924" z="-0.048861"/>
						<texcoord u="0.352083" v="0.429864"/>
					</vertex>
					<vertex>
						<position x="2.973069" y="-0.041887" z="0.633638"/>
						<normal x="0.323506" y="-0.944455" z="-0.057865"/>
						<texcoord u="0.341925" v="0.106662"/>
					</vertex>
					<vertex>
						<position x="2.978693" y="-0.038518" z="0.788588"/>
						<normal x="0.324019" y="-0.945963" z="-0.012879"/>
						<texcoord u="0.326763" v="-0.146123"/>
					</vertex>
					<vertex>
						<position x="2.986704" y="-0.041597" z="0.947904"/>
						<normal x="0.323896" y="-0.946022" z="-0.011536"/>
						<texcoord u="0.306909" v="-0.367649"/>
					</vertex>
					<vertex>
						<position x="2.955367" y="-0.022576" z="0.142647"/>
						<normal x="-0.438712" y="-0.898604" z="-0.006531"/>
						<texcoord u="0.316842" v="1.101778"/>
					</vertex>
					<vertex>
						<position x="2.932959" y="-0.021160" z="-0.003101"/>
						<normal x="-0.437855" y="-0.897134" z="0.058596"/>
						<texcoord u="0.311503" v="1.472204"/>
					</vertex>
					<vertex>
						<position x="2.938877" y="-0.025538" z="0.280509"/>
						<normal x="-0.439136" y="-0.898078" z="-0.024812"/>
						<texcoord u="0.305359" v="0.813102"/>
					</vertex>
					<vertex>
						<position x="2.938698" y="-0.020967" z="0.463739"/>
						<normal x="-0.440061" y="-0.897518" z="-0.028414"/>
						<texcoord u="0.299589" v="0.432487"/>
					</vertex>
					<vertex>
						<position x="2.947607" y="-0.040292" z="0.633638"/>
						<normal x="-0.440060" y="-0.897730" z="-0.020662"/>
						<texcoord u="0.296658" v="0.110515"/>
					</vertex>
					<vertex>
						<position x="2.954040" y="-0.036973" z="0.788588"/>
						<normal x="-0.439508" y="-0.897968" z="0.022035"/>
						<texcoord u="0.287591" v="-0.142055"/>
					</vertex>
					<vertex>
						<position x="2.962839" y="-0.040102" z="0.947904"/>
						<normal x="-0.438715" y="-0.897633" z="-0.042239"/>
						<texcoord u="0.278148" v="-0.364636"/>
					</vertex>
					<vertex>
						<position x="2.937667" y="-0.002509" z="0.142647"/>
						<normal x="-0.945719" y="-0.324812" z="0.010590"/>
						<texcoord u="0.251940" v="1.103420"/>
					</vertex>
					<vertex>
						<position x="2.915483" y="-0.001347" z="-0.003101"/>
						<normal x="-0.936328" y="-0.322038" z="0.139930"/>
						<texcoord u="0.250533" v="1.479885"/>
					</vertex>
					<vertex>
						<position x="2.921247" y="-0.005552" z="0.280509"/>
						<normal x="-0.944559" y="-0.323775" z="-0.054568"/>
						<texcoord u="0.250385" v="0.811010"/>
					</vertex>
					<vertex>
						<position x="2.921994" y="-0.002029" z="0.463739"/>
						<normal x="-0.945921" y="-0.324208" z="0.011079"/>
						<texcoord u="0.247962" v="0.435600"/>
					</vertex>
					<vertex>
						<position x="2.930730" y="-0.021158" z="0.633638"/>
						<normal x="-0.945548" y="-0.324084" z="0.030153"/>
						<texcoord u="0.250997" v="0.114380"/>
					</vertex>
					<vertex>
						<position x="2.937700" y="-0.018449" z="0.788588"/>
						<normal x="-0.944877" y="-0.323901" z="0.047915"/>
						<texcoord u="0.248567" v="-0.140046"/>
					</vertex>
					<vertex>
						<position x="2.947021" y="-0.022169" z="0.947904"/>
						<normal x="-0.945252" y="-0.323924" z="-0.039644"/>
						<texcoord u="0.249195" v="-0.362949"/>
					</vertex>
					<vertex>
						<position x="2.939341" y="0.024195" z="0.142647"/>
						<normal x="-0.897443" y="0.440634" z="0.020906"/>
						<texcoord u="0.186007" v="1.104021"/>
					</vertex>
					<vertex>
						<position x="2.917136" y="0.025020" z="-0.003101"/>
						<normal x="-0.889011" y="0.436632" z="0.137884"/>
						<texcoord u="0.189154" v="1.479009"/>
					</vertex>
					<vertex>
						<position x="2.922915" y="0.021047" z="0.280509"/>
						<normal x="-0.896832" y="0.439627" z="-0.049197"/>
						<texcoord u="0.195400" v="0.811075"/>
					</vertex>
					<vertex>
						<position x="2.923574" y="0.023173" z="0.463739"/>
						<normal x="-0.897401" y="0.438767" z="0.046419"/>
						<texcoord u="0.197297" v="0.437700"/>
					</vertex>
					<vertex>
						<position x="2.932326" y="0.004305" z="0.633638"/>
						<normal x="-0.896463" y="0.438374" z="0.064670"/>
						<texcoord u="0.204209" v="0.116266"/>
					</vertex>
					<vertex>
						<position x="2.939245" y="0.006204" z="0.788588"/>
						<normal x="-0.897000" y="0.439237" z="0.049625"/>
						<texcoord u="0.209786" v="-0.140843"/>
					</vertex>
					<vertex>
						<position x="2.948517" y="0.001697" z="0.947904"/>
						<normal x="-0.897849" y="0.440272" z="-0.005280"/>
						<texcoord u="0.219988" v="-0.363045"/>
					</vertex>
					<vertex>
						<position x="2.959408" y="0.041895" z="0.142647"/>
						<normal x="-0.323407" y="0.946080" z="0.018464"/>
						<texcoord u="0.121618" v="1.103155"/>
					</vertex>
					<vertex>
						<position x="2.936948" y="0.042495" z="-0.003101"/>
						<normal x="-0.322586" y="0.945022" z="0.053591"/>
						<texcoord u="0.128413" v="1.471355"/>
					</vertex>
					<vertex>
						<position x="2.942901" y="0.038676" z="0.280509"/>
						<normal x="-0.323987" y="0.945988" z="-0.011780"/>
						<texcoord u="0.139675" v="0.813056"/>
					</vertex>
					<vertex>
						<position x="2.942512" y="0.039878" z="0.463739"/>
						<normal x="-0.323507" y="0.944518" z="0.056827"/>
						<texcoord u="0.147176" v="0.437424"/>
					</vertex>
					<vertex>
						<position x="2.951459" y="0.021182" z="0.633638"/>
						<normal x="-0.323377" y="0.944190" z="0.062716"/>
						<texcoord u="0.156340" v="0.114736"/>
					</vertex>
					<vertex>
						<position x="2.957770" y="0.022544" z="0.788588"/>
						<normal x="-0.323873" y="0.945739" z="0.026155"/>
						<texcoord u="0.171247" v="-0.144352"/>
					</vertex>
					<vertex>
						<position x="2.966450" y="0.017515" z="0.947904"/>
						<normal x="-0.324084" y="0.945151" z="0.040743"/>
						<texcoord u="0.190679" v="-0.365386"/>
					</vertex>
					<vertex>
						<position x="2.986113" y="0.040222" z="0.142647"/>
						<normal x="0.438619" y="0.898662" z="0.004517"/>
						<texcoord u="0.059820" v="1.101008"/>
					</vertex>
					<vertex>
						<position x="2.963315" y="0.040843" z="-0.003101"/>
						<normal x="0.437591" y="0.896850" z="-0.064610"/>
						<texcoord u="0.068179" v="1.461572"/>
					</vertex>
					<vertex>
						<position x="2.969500" y="0.037009" z="0.280509"/>
						<normal x="0.438962" y="0.897792" z="0.035799"/>
						<texcoord u="0.082716" v="0.814865"/>
					</vertex>
					<vertex>
						<position x="2.967715" y="0.038298" z="0.463739"/>
						<normal x="0.439897" y="0.897311" z="0.036378"/>
						<texcoord u="0.097071" v="0.434384"/>
					</vertex>
					<vertex>
						<position x="2.976922" y="0.019586" z="0.633638"/>
						<normal x="0.439998" y="0.897636" z="0.025514"/>
						<texcoord u="0.108214" v="0.109790"/>
					</vertex>
					<vertex>
						<position x="2.982424" y="0.020999" z="0.788588"/>
						<normal x="0.439685" y="0.898109" z="-0.008728"/>
						<texcoord u="0.132746" v="-0.149751"/>
					</vertex>
					<vertex>
						<position x="2.990315" y="0.016019" z="0.947904"/>
						<normal x="0.437769" y="0.896261" z="0.071232"/>
						<texcoord u="0.161612" v="-0.370505"/>
					</vertex>
					<vertex>
						<position x="3.003812" y="0.020155" z="0.142647"/>
						<normal x="0.945694" y="0.324814" z="-0.012574"/>
						<texcoord u="-0.000439" v="1.098047"/>
					</vertex>
					<vertex>
						<position x="2.980790" y="0.021030" z="-0.003101"/>
						<normal x="0.935512" y="0.321797" z="-0.145822"/>
						<texcoord u="0.007601" v="1.455672"/>
					</vertex>
					<vertex>
						<position x="2.987129" y="0.017022" z="0.280509"/>
						<normal x="0.943925" y="0.323594" z="0.065524"/>
						<texcoord u="0.024905" v="0.814036"/>
					</vertex>
					<vertex>
						<position x="2.984419" y="0.019360" z="0.463739"/>
						<normal x="0.945949" y="0.324299" z="-0.003113"/>
						<texcoord u="0.046427" v="0.429391"/>
					</vertex>
					<vertex>
						<position x="2.993799" y="0.000452" z="0.633638"/>
						<normal x="0.945660" y="0.324172" z="-0.025300"/>
						<texcoord u="0.060618" v="0.102809"/>
					</vertex>
					<vertex>
						<position x="2.998763" y="0.002474" z="0.788588"/>
						<normal x="0.945407" y="0.324047" z="-0.034639"/>
						<texcoord u="0.093902" v="-0.155980"/>
					</vertex>
					<vertex>
						<position x="3.006133" y="-0.001914" z="0.947904"/>
						<normal x="0.943799" y="0.323348" z="0.068485"/>
						<texcoord u="0.132887" v="-0.378666"/>
					</vertex>
					<vertex>
						<position x="2.984303" y="-0.011021" z="1.084043"/>
						<normal x="0.915084" y="0.313309" z="0.253888"/>
						<texcoord u="0.298668" v="-0.512937"/>
					</vertex>
					<vertex>
						<position x="2.982956" y="-0.032509" z="1.084043"/>
						<normal x="0.875067" y="-0.430529" z="0.221140"/>
						<texcoord u="0.283293" v="-0.499797"/>
					</vertex>
					<vertex>
						<position x="2.966810" y="-0.046750" z="1.084043"/>
						<normal x="0.319318" y="-0.935735" z="0.149786"/>
						<texcoord u="0.270313" v="-0.493055"/>
					</vertex>
					<vertex>
						<position x="2.945323" y="-0.045404" z="1.084043"/>
						<normal x="-0.438285" y="-0.895187" z="0.080906"/>
						<texcoord u="0.259131" v="-0.490095"/>
					</vertex>
					<vertex>
						<position x="2.931081" y="-0.029258" z="1.084043"/>
						<normal x="-0.944535" y="-0.323563" z="0.056216"/>
						<texcoord u="0.248960" v="-0.489245"/>
					</vertex>
					<vertex>
						<position x="2.932427" y="-0.007770" z="1.084043"/>
						<normal x="-0.894487" y="0.437798" z="0.090703"/>
						<texcoord u="0.238731" v="-0.489919"/>
					</vertex>
					<vertex>
						<position x="2.948574" y="0.006471" z="1.084043"/>
						<normal x="-0.321181" y="0.932810" z="0.163429"/>
						<texcoord u="0.227416" v="-0.492730"/>
					</vertex>
					<vertex>
						<position x="2.970061" y="0.005125" z="1.084043"/>
						<normal x="0.426294" y="0.874714" z="0.230543"/>
						<texcoord u="0.214318" v="-0.499608"/>
					</vertex>
					<vertex>
						<position x="2.984303" y="-0.011021" z="1.084043"/>
						<normal x="0.915084" y="0.313309" z="0.253888"/>
						<texcoord u="0.198978" v="-0.513026"/>
					</vertex>
					<vertex>
						<position x="-0.032017" y="0.020573" z="1.079781"/>
						<normal x="-0.700234" y="0.698983" z="0.145241"/>
						<texcoord u="0.694382" v="-0.493407"/>
					</vertex>
					<vertex>
						<position x="-0.027277" y="0.014185" z="1.106455"/>
						<normal x="-0.427822" y="0.426418" z="0.796955"/>
						<texcoord u="0.706963" v="-0.503968"/>
					</vertex>
					<vertex>
						<position x="-0.013092" y="0.020060" z="1.106455"/>
						<normal x="-0.000855" y="0.592965" z="0.805228"/>
						<texcoord u="0.702969" v="-0.518148"/>
					</vertex>
					<vertex>
						<position x="-0.012127" y="0.028812" z="1.079781"/>
						<normal x="-0.001465" y="0.978531" z="0.206095"/>
						<texcoord u="0.679056" v="-0.505243"/>
					</vertex>
					<vertex>
						<position x="-0.020701" y="0.032593" z="0.947620"/>
						<normal x="-0.707128" y="0.707006" z="0.010590"/>
						<texcoord u="0.646848" v="-0.370475"/>
					</vertex>
					<vertex>
						<position x="0.001391" y="0.041744" z="0.947620"/>
						<normal x="-0.000732" y="0.997907" z="0.064670"/>
						<texcoord u="0.617901" v="-0.376405"/>
					</vertex>
					<vertex>
						<position x="-0.040256" y="0.000682" z="1.079781"/>
						<normal x="-0.995836" y="-0.000031" z="0.091160"/>
						<texcoord u="0.706725" v="-0.486588"/>
					</vertex>
					<vertex>
						<position x="-0.033152" y="0.000000" z="1.106455"/>
						<normal x="-0.613710" y="-0.000519" z="0.789531"/>
						<texcoord u="0.713932" v="-0.496516"/>
					</vertex>
					<vertex>
						<position x="-0.029852" y="0.010501" z="0.947620"/>
						<normal x="-0.999158" y="0.000427" z="-0.041017"/>
						<texcoord u="0.675380" v="-0.366544"/>
					</vertex>
					<vertex>
						<position x="-0.032017" y="-0.019209" z="1.079781"/>
						<normal x="-0.705024" y="-0.705054" z="0.076420"/>
						<texcoord u="0.717589" v="-0.482714"/>
					</vertex>
					<vertex>
						<position x="-0.027277" y="-0.014184" z="1.106455"/>
						<normal x="-0.435877" y="-0.435632" z="0.787551"/>
						<texcoord u="0.721105" v="-0.492890"/>
					</vertex>
					<vertex>
						<position x="-0.020701" y="-0.011591" z="0.947620"/>
						<normal x="-0.705749" y="-0.705932" z="-0.059817"/>
						<texcoord u="0.703320" v="-0.363879"/>
					</vertex>
					<vertex>
						<position x="-0.012127" y="-0.027448" z="1.079781"/>
						<normal x="-0.000275" y="-0.993933" z="0.109989"/>
						<texcoord u="0.728112" v="-0.480887"/>
					</vertex>
					<vertex>
						<position x="-0.013092" y="-0.020060" z="1.106455"/>
						<normal x="-0.000763" y="-0.610132" z="0.792299"/>
						<texcoord u="0.728361" v="-0.491595"/>
					</vertex>
					<vertex>
						<position x="0.001391" y="-0.020742" z="0.947620"/>
						<normal x="0.000366" y="-0.999392" z="-0.034852"/>
						<texcoord u="0.730822" v="-0.362285"/>
					</vertex>
					<vertex>
						<position x="0.007764" y="-0.019209" z="1.079781"/>
						<normal x="0.695712" y="-0.697543" z="0.171517"/>
						<texcoord u="0.739253" v="-0.481212"/>
					</vertex>
					<vertex>
						<position x="0.001092" y="-0.014184" z="1.106455"/>
						<normal x="0.422812" y="-0.424277" z="0.800761"/>
						<texcoord u="0.735793" v="-0.492536"/>
					</vertex>
					<vertex>
						<position x="0.023483" y="-0.011591" z="0.947620"/>
						<normal x="0.706700" y="-0.707249" z="0.019319"/>
						<texcoord u="0.758219" v="-0.362033"/>
					</vertex>
					<vertex>
						<position x="0.016003" y="0.000682" z="1.079781"/>
						<normal x="0.974530" y="-0.001221" z="0.224253"/>
						<texcoord u="0.751626" v="-0.484988"/>
					</vertex>
					<vertex>
						<position x="0.006968" y="0.000000" z="1.106455"/>
						<normal x="0.589410" y="-0.000610" z="0.807834"/>
						<texcoord u="0.743406" v="-0.496403"/>
					</vertex>
					<vertex>
						<position x="0.032634" y="0.010501" z="0.947620"/>
						<normal x="0.997494" y="-0.000671" z="0.070744"/>
						<texcoord u="0.785682" v="-0.363962"/>
					</vertex>
					<vertex>
						<position x="0.007764" y="0.020573" z="1.079781"/>
						<normal x="0.686477" y="0.686996" z="0.238297"/>
						<texcoord u="0.765137" v="-0.493866"/>
					</vertex>
					<vertex>
						<position x="0.001092" y="0.014185" z="1.106455"/>
						<normal x="0.414878" y="0.415153" z="0.809644"/>
						<texcoord u="0.750374" v="-0.504986"/>
					</vertex>
					<vertex>
						<position x="0.023483" y="0.032593" z="0.947620"/>
						<normal x="0.704137" y="0.704411" z="0.089421"/>
						<texcoord u="0.813272" v="-0.369008"/>
					</vertex>
					<vertex>
						<position x="-0.012127" y="0.028812" z="1.079781"/>
						<normal x="-0.001465" y="0.978531" z="0.206095"/>
						<texcoord u="0.779799" v="-0.508680"/>
					</vertex>
					<vertex>
						<position x="-0.013092" y="0.020060" z="1.106455"/>
						<normal x="-0.000855" y="0.592965" z="0.805228"/>
						<texcoord u="0.752827" v="-0.520113"/>
					</vertex>
					<vertex>
						<position x="0.001391" y="0.041744" z="0.947620"/>
						<normal x="-0.000732" y="0.997907" z="0.064670"/>
						<texcoord u="0.840966" v="-0.377585"/>
					</vertex>
					<vertex>
						<position x="-0.019826" y="0.037413" z="0.787925"/>
						<normal x="-0.706969" y="0.707000" z="-0.018586"/>
						<texcoord u="0.615894" v="-0.154248"/>
					</vertex>
					<vertex>
						<position x="0.002995" y="0.046866" z="0.787925"/>
						<normal x="0.000061" y="0.999998" z="0.002167"/>
						<texcoord u="0.577254" v="-0.158031"/>
					</vertex>
					<vertex>
						<position x="-0.012033" y="0.032572" z="0.624642"/>
						<normal x="-0.706940" y="0.707093" z="-0.015992"/>
						<texcoord u="0.594283" v="0.119987"/>
					</vertex>
					<vertex>
						<position x="0.011538" y="0.042335" z="0.624642"/>
						<normal x="0.000061" y="0.999831" z="-0.018403"/>
						<texcoord u="0.546770" v="0.116768"/>
					</vertex>
					<vertex>
						<position x="-0.018421" y="0.031240" z="0.467054"/>
						<normal x="-0.703614" y="0.704194" z="0.095067"/>
						<texcoord u="0.585213" v="0.416014"/>
					</vertex>
					<vertex>
						<position x="0.004910" y="0.040904" z="0.467054"/>
						<normal x="0.000946" y="0.998951" z="0.045779"/>
						<texcoord u="0.533843" v="0.409953"/>
					</vertex>
					<vertex>
						<position x="-0.044653" y="0.049579" z="0.280793"/>
						<normal x="-0.704708" y="0.705227" z="0.077731"/>
						<texcoord u="0.565221" v="0.815307"/>
					</vertex>
					<vertex>
						<position x="-0.020031" y="0.059778" z="0.280793"/>
						<normal x="0.000977" y="0.998781" z="0.049349"/>
						<texcoord u="0.508072" v="0.810790"/>
					</vertex>
					<vertex>
						<position x="-0.042591" y="0.049268" z="0.142647"/>
						<normal x="-0.703825" y="0.703276" z="-0.100163"/>
						<texcoord u="0.558625" v="1.092599"/>
					</vertex>
					<vertex>
						<position x="-0.017871" y="0.059508" z="0.142647"/>
						<normal x="0.001221" y="0.996921" z="-0.078402"/>
						<texcoord u="0.498829" v="1.094276"/>
					</vertex>
					<vertex>
						<position x="-0.025978" y="0.026589" z="-0.003101"/>
						<normal x="-0.695170" y="0.694041" z="-0.187206"/>
						<texcoord u="0.565155" v="1.451887"/>
					</vertex>
					<vertex>
						<position x="-0.001571" y="0.036699" z="-0.003101"/>
						<normal x="0.002472" y="0.988016" z="-0.154334"/>
						<texcoord u="0.504124" v="1.455537"/>
					</vertex>
					<vertex>
						<position x="-0.029279" y="0.014592" z="0.787925"/>
						<normal x="-0.999696" y="-0.000092" z="-0.024659"/>
						<texcoord u="0.654235" v="-0.151048"/>
					</vertex>
					<vertex>
						<position x="-0.021797" y="0.009001" z="0.624642"/>
						<normal x="-0.999996" y="-0.000092" z="-0.002930"/>
						<texcoord u="0.641830" v="0.122958"/>
					</vertex>
					<vertex>
						<position x="-0.028084" y="0.007910" z="0.467054"/>
						<normal x="-0.995841" y="-0.000916" z="0.091100"/>
						<texcoord u="0.637081" v="0.417508"/>
					</vertex>
					<vertex>
						<position x="-0.054852" y="0.024957" z="0.280793"/>
						<normal x="-0.997953" y="-0.000916" z="0.063938"/>
						<texcoord u="0.621976" v="0.815836"/>
					</vertex>
					<vertex>
						<position x="-0.052831" y="0.024548" z="0.142647"/>
						<normal x="-0.997934" y="-0.001251" z="-0.064242"/>
						<texcoord u="0.618404" v="1.095368"/>
					</vertex>
					<vertex>
						<position x="-0.036088" y="0.002182" z="-0.003101"/>
						<normal x="-0.993510" y="-0.002503" z="-0.113713"/>
						<texcoord u="0.626163" v="1.457258"/>
					</vertex>
					<vertex>
						<position x="-0.019826" y="-0.008229" z="0.787925"/>
						<normal x="-0.707036" y="-0.707067" z="-0.012513"/>
						<texcoord u="0.692664" v="-0.148323"/>
					</vertex>
					<vertex>
						<position x="-0.012033" y="-0.014570" z="0.624642"/>
						<normal x="-0.706985" y="-0.707107" z="0.013062"/>
						<texcoord u="0.688987" v="0.125088"/>
					</vertex>
					<vertex>
						<position x="-0.018421" y="-0.015420" z="0.467054"/>
						<normal x="-0.706282" y="-0.707014" z="0.036013"/>
						<texcoord u="0.688096" v="0.414545"/>
					</vertex>
					<vertex>
						<position x="-0.044653" y="0.000335" z="0.280793"/>
						<normal x="-0.706698" y="-0.707339" z="0.015778"/>
						<texcoord u="0.679201" v="0.813072"/>
					</vertex>
					<vertex>
						<position x="-0.042591" y="-0.000173" z="0.142647"/>
						<normal x="-0.707321" y="-0.706833" z="0.009125"/>
						<texcoord u="0.679149" v="1.100931"/>
					</vertex>
					<vertex>
						<position x="-0.025978" y="-0.022225" z="-0.003101"/>
						<normal x="-0.707367" y="-0.706360" z="0.026216"/>
						<texcoord u="0.686630" v="1.468350"/>
					</vertex>
					<vertex>
						<position x="0.002995" y="-0.017682" z="0.787925"/>
						<normal x="-0.000122" y="-0.999942" z="0.010743"/>
						<texcoord u="0.731461" v="-0.146579"/>
					</vertex>
					<vertex>
						<position x="0.011538" y="-0.024333" z="0.624642"/>
						<normal x="-0.000122" y="-0.999742" z="0.022706"/>
						<texcoord u="0.735455" v="0.125783"/>
					</vertex>
					<vertex>
						<position x="0.004910" y="-0.025084" z="0.467054"/>
						<normal x="-0.000763" y="-0.999268" z="-0.038240"/>
						<texcoord u="0.737882" v="0.409403"/>
					</vertex>
					<vertex>
						<position x="-0.020031" y="-0.009864" z="0.280793"/>
						<normal x="-0.000793" y="-0.999253" z="-0.038637"/>
						<texcoord u="0.737787" v="0.809095"/>
					</vertex>
					<vertex>
						<position x="-0.017871" y="-0.010413" z="0.142647"/>
						<normal x="-0.001190" y="-0.997073" z="0.076449"/>
						<texcoord u="0.741691" v="1.105915"/>
					</vertex>
					<vertex>
						<position x="-0.001571" y="-0.032335" z="-0.003101"/>
						<normal x="-0.002380" y="-0.988913" z="0.148476"/>
						<texcoord u="0.747518" v="1.478418"/>
					</vertex>
					<vertex>
						<position x="0.025816" y="-0.008229" z="0.787925"/>
						<normal x="0.706710" y="-0.706802" z="0.031496"/>
						<texcoord u="0.770619" v="-0.146637"/>
					</vertex>
					<vertex>
						<position x="0.035108" y="-0.014570" z="0.624642"/>
						<normal x="0.706854" y="-0.707068" z="0.020295"/>
						<texcoord u="0.781275" v="0.124707"/>
					</vertex>
					<vertex>
						<position x="0.028240" y="-0.015420" z="0.467054"/>
						<normal x="0.704111" y="-0.704660" z="-0.087651"/>
						<texcoord u="0.787104" v="0.405140"/>
					</vertex>
					<vertex>
						<position x="0.004591" y="0.000335" z="0.280793"/>
						<normal x="0.705267" y="-0.705755" z="-0.067142"/>
						<texcoord u="0.797968" v="0.806140"/>
					</vertex>
					<vertex>
						<position x="0.006850" y="-0.000173" z="0.142647"/>
						<normal x="0.703946" y="-0.703427" z="0.098240"/>
						<texcoord u="0.805533" v="1.106929"/>
					</vertex>
					<vertex>
						<position x="0.022836" y="-0.022225" z="-0.003101"/>
						<normal x="0.695904" y="-0.694836" z="0.181438"/>
						<texcoord u="0.809112" v="1.479885"/>
					</vertex>
					<vertex>
						<position x="0.035269" y="0.014592" z="0.787925"/>
						<normal x="0.999293" y="0.000092" z="0.037600"/>
						<texcoord u="0.809829" v="-0.149067"/>
					</vertex>
					<vertex>
						<position x="0.044872" y="0.009001" z="0.624642"/>
						<normal x="0.999974" y="0.000122" z="0.007263"/>
						<texcoord u="0.826804" v="0.121992"/>
					</vertex>
					<vertex>
						<position x="0.037903" y="0.007910" z="0.467054"/>
						<normal x="0.996495" y="0.000763" z="-0.083652"/>
						<texcoord u="0.836474" v="0.403733"/>
					</vertex>
					<vertex>
						<position x="0.014790" y="0.024957" z="0.280793"/>
						<normal x="0.998577" y="0.000793" z="-0.053316"/>
						<texcoord u="0.858770" v="0.805347"/>
					</vertex>
					<vertex>
						<position x="0.017089" y="0.024548" z="0.142647"/>
						<normal x="0.998059" y="0.001190" z="0.062259"/>
						<texcoord u="0.868857" v="1.102799"/>
					</vertex>
					<vertex>
						<position x="0.032946" y="0.002182" z="-0.003101"/>
						<normal x="0.994170" y="0.002381" z="0.107795"/>
						<texcoord u="0.870175" v="1.472519"/>
					</vertex>
					<vertex>
						<position x="0.025816" y="0.037413" z="0.787925"/>
						<normal x="0.706832" y="0.706923" z="0.025453"/>
						<texcoord u="0.848742" v="-0.153941"/>
					</vertex>
					<vertex>
						<position x="0.035108" y="0.032572" z="0.624642"/>
						<normal x="0.706973" y="0.707186" z="-0.008759"/>
						<texcoord u="0.872577" v="0.118134"/>
					</vertex>
					<vertex>
						<position x="0.028240" y="0.031240" z="0.467054"/>
						<normal x="0.706608" y="0.707035" z="-0.028413"/>
						<texcoord u="0.886422" v="0.405017"/>
					</vertex>
					<vertex>
						<position x="0.004591" y="0.049579" z="0.280793"/>
						<normal x="0.706915" y="0.707281" z="-0.005036"/>
						<texcoord u="0.918797" v="0.806164"/>
					</vertex>
					<vertex>
						<position x="0.006850" y="0.049268" z="0.142647"/>
						<normal x="0.707368" y="0.706758" z="-0.011109"/>
						<texcoord u="0.930393" v="1.095450"/>
					</vertex>
					<vertex>
						<position x="0.022836" y="0.026590" z="-0.003101"/>
						<normal x="0.707364" y="0.706113" z="-0.032258"/>
						<texcoord u="0.930274" v="1.460154"/>
					</vertex>
					<vertex>
						<position x="0.002995" y="0.046866" z="0.787925"/>
						<normal x="0.000061" y="0.999998" z="0.002167"/>
						<texcoord u="0.887294" v="-0.160770"/>
					</vertex>
					<vertex>
						<position x="0.011538" y="0.042335" z="0.624642"/>
						<normal x="0.000061" y="0.999831" z="-0.018403"/>
						<texcoord u="0.919171" v="0.113741"/>
					</vertex>
					<vertex>
						<position x="0.004910" y="0.040904" z="0.467054"/>
						<normal x="0.000946" y="0.998951" z="0.045779"/>
						<texcoord u="0.937318" v="0.406691"/>
					</vertex>
					<vertex>
						<position x="-0.020031" y="0.059778" z="0.280793"/>
						<normal x="0.000977" y="0.998781" z="0.049349"/>
						<texcoord u="0.977447" v="0.806529"/>
					</vertex>
					<vertex>
						<position x="-0.017871" y="0.059508" z="0.142647"/>
						<normal x="0.001221" y="0.996921" z="-0.078402"/>
						<texcoord u="0.990594" v="1.088422"/>
					</vertex>
					<vertex>
						<position x="-0.001571" y="0.036699" z="-0.003101"/>
						<normal x="0.002472" y="0.988016" z="-0.154334"/>
						<texcoord u="0.990594" v="1.449753"/>
					</vertex>
					<vertex>
						<position x="-0.013092" y="0.000000" z="1.107743"/>
						<normal x="0.000000" y="0.000000" z="1.000000"/>
						<texcoord u="0.728180" v="-0.507567"/>
					</vertex>
				</vertexbuffer>
			</geometry>
		</submesh>
		<submesh material="Fence/TWOSIDE" usesharedvertices="false">
			<faces count="2">
				<face v1="0" v2="1" v3="2"/>
				<face v1="0" v2="2" v3="3"/>
			</faces>
			<geometry vertexcount="4">
				<vertexbuffer positions="true" normals="true" texture_coords="1">
					<vertex>
						<position x="2.962095" y="0.000000" z="-0.024486"/>
						<normal x="-0.000000" y="1.000000" z="0.000000"/>
						<texcoord u="0.008008" v="1.000000"/>
					</vertex>
					<vertex>
						<position x="-0.015003" y="0.000000" z="-0.024486"/>
						<normal x="-0.000000" y="1.000000" z="0.000000"/>
						<texcoord u="0.991993" v="1.000000"/>
					</vertex>
					<vertex>
						<position x="-0.015004" y="0.000000" z="1.117736"/>
						<normal x="-0.000000" y="1.000000" z="0.000000"/>
						<texcoord u="0.991992" v="0.000000"/>
					</vertex>
					<vertex>
						<position x="2.962095" y="0.000000" z="1.117736"/>
						<normal x="-0.000000" y="1.000000" z="0.000000"/>
						<texcoord u="0.008007" v="0.000000"/>
					</vertex>
				</vertexbuffer>
			</geometry>
		</submesh>
	</submeshes>
</mesh>
